<health-rules controller-version="004-001-010-001">
    <health-rule>
        <name>App Health</name>
        <type>NODE_HEALTH_TRANSACTION_PERFORMANCE</type>
        <description/>
        <enabled>true</enabled>
        <is-default>false</is-default>
        <always-enabled>true</always-enabled>
        <duration-min>30</duration-min>
        <wait-time-min>30</wait-time-min>
        <affected-entities-match-criteria>
            <affected-infra-match-criteria>
                <type>ALL_TIERS</type>
            </affected-infra-match-criteria>
        </affected-entities-match-criteria>
        <critical-execution-criteria>
            <entity-aggregation-scope>
                <type>PERCENTAGE</type>
                <value>30</value>
            </entity-aggregation-scope>
            <policy-condition>
                <type>boolean</type>
                <operator>OR</operator>
                <condition1>
                    <type>leaf</type>
                    <display-name>art</display-name>
                    <condition-value-type>BASELINE_STANDARD_DEVIATION</condition-value-type>
                    <condition-value>10.0</condition-value>
                    <operator>GREATER_THAN</operator>
                    <condition-expression/>
                    <use-active-baseline>true</use-active-baseline>
                    <metric-expression>
                        <type>leaf</type>
                        <function-type>VALUE</function-type>
                        <value>0</value>
                        <is-literal-expression>false</is-literal-expression>
                        <display-name>null</display-name>
                        <metric-definition>
                            <type>LOGICAL_METRIC</type>
                            <logical-metric-name>Average Response Time (ms)</logical-metric-name>
                        </metric-definition>
                    </metric-expression>
                </condition1>
                <condition2>
                    <type>boolean</type>
                    <operator>OR</operator>
                    <condition1>
                        <type>leaf</type>
                        <display-name>call_spike</display-name>
                        <condition-value-type>BASELINE_STANDARD_DEVIATION</condition-value-type>
                        <condition-value>10.0</condition-value>
                        <operator>GREATER_THAN</operator>
                        <condition-expression/>
                        <use-active-baseline>true</use-active-baseline>
                        <metric-expression>
                            <type>leaf</type>
                            <function-type>VALUE</function-type>
                            <value>0</value>
                            <is-literal-expression>false</is-literal-expression>
                            <display-name>null</display-name>
                            <metric-definition>
                                <type>LOGICAL_METRIC</type>
                                <logical-metric-name>Calls per Minute</logical-metric-name>
                            </metric-definition>
                        </metric-expression>
                    </condition1>
                    <condition2>
                        <type>boolean</type>
                        <operator>OR</operator>
                        <condition1>
                            <type>leaf</type>
                            <display-name>errors_spike</display-name>
                            <condition-value-type>ABSOLUTE</condition-value-type>
                            <condition-value>75.0</condition-value>
                            <operator>GREATER_THAN</operator>
                            <condition-expression>({epm}/({cpm}+1))*100</condition-expression>
                            <use-active-baseline>false</use-active-baseline>
                            <metric-expression>
                                <type>boolean</type>
                                <operator>MULTIPLY</operator>
                                <expression1>
                                    <type>boolean</type>
                                    <operator>DIVIDE</operator>
                                    <expression1>
                                    <type>leaf</type>
                                    <function-type>SUM</function-type>
                                    <value>0</value>
                                    <is-literal-expression>false</is-literal-expression>
                                    <display-name>epm</display-name>
                                    <metric-definition>
                                    <type>LOGICAL_METRIC</type>
                                    <logical-metric-name>Errors per Minute</logical-metric-name>
                                    </metric-definition>
                                    </expression1>
                                    <expression2>
                                    <type>boolean</type>
                                    <operator>PLUS</operator>
                                    <expression1>
                                    <type>leaf</type>
                                    <function-type>SUM</function-type>
                                    <value>0</value>
                                    <is-literal-expression>false</is-literal-expression>
                                    <display-name>cpm</display-name>
                                    <metric-definition>
                                    <type>LOGICAL_METRIC</type>
                                    <logical-metric-name>Calls per Minute</logical-metric-name>
                                    </metric-definition>
                                    </expression1>
                                    <expression2>
                                    <type>leaf</type>
                                    <value>1</value>
                                    <is-literal-expression>true</is-literal-expression>
                                    </expression2>
                                    </expression2>
                                </expression1>
                                <expression2>
                                    <type>leaf</type>
                                    <value>100</value>
                                    <is-literal-expression>true</is-literal-expression>
                                </expression2>
                            </metric-expression>
                        </condition1>
                        <condition2>
                            <type>boolean</type>
                            <operator>OR</operator>
                            <condition1>
                                <type>leaf</type>
                                <display-name>slow_spike</display-name>
                                <condition-value-type>ABSOLUTE</condition-value-type>
                                <condition-value>75.0</condition-value>
                                <operator>GREATER_THAN</operator>
                                <condition-expression>({spm}/({cpm}+1))*100</condition-expression>
                                <use-active-baseline>false</use-active-baseline>
                                <metric-expression>
                                    <type>boolean</type>
                                    <operator>MULTIPLY</operator>
                                    <expression1>
                                    <type>boolean</type>
                                    <operator>DIVIDE</operator>
                                    <expression1>
                                    <type>leaf</type>
                                    <function-type>SUM</function-type>
                                    <value>0</value>
                                    <is-literal-expression>false</is-literal-expression>
                                    <display-name>spm</display-name>
                                    <metric-definition>
                                    <type>LOGICAL_METRIC</type>
                                    <logical-metric-name>Number of Slow Calls</logical-metric-name>
                                    </metric-definition>
                                    </expression1>
                                    <expression2>
                                    <type>boolean</type>
                                    <operator>PLUS</operator>
                                    <expression1>
                                    <type>leaf</type>
                                    <function-type>SUM</function-type>
                                    <value>0</value>
                                    <is-literal-expression>false</is-literal-expression>
                                    <display-name>cpm</display-name>
                                    <metric-definition>
                                    <type>LOGICAL_METRIC</type>
                                    <logical-metric-name>Calls per Minute</logical-metric-name>
                                    </metric-definition>
                                    </expression1>
                                    <expression2>
                                    <type>leaf</type>
                                    <value>1</value>
                                    <is-literal-expression>true</is-literal-expression>
                                    </expression2>
                                    </expression2>
                                    </expression1>
                                    <expression2>
                                    <type>leaf</type>
                                    <value>100</value>
                                    <is-literal-expression>true</is-literal-expression>
                                    </expression2>
                                </metric-expression>
                            </condition1>
                            <condition2>
                                <type>boolean</type>
                                <operator>OR</operator>
                                <condition1>
                                    <type>leaf</type>
                                    <display-name>stall_spike</display-name>
                                    <condition-value-type>ABSOLUTE</condition-value-type>
                                    <condition-value>75.0</condition-value>
                                    <operator>GREATER_THAN</operator>
                                    <condition-expression>({spm}/({cpm}+1))*100</condition-expression>
                                    <use-active-baseline>false</use-active-baseline>
                                    <metric-expression>
                                    <type>boolean</type>
                                    <operator>MULTIPLY</operator>
                                    <expression1>
                                    <type>boolean</type>
                                    <operator>DIVIDE</operator>
                                    <expression1>
                                    <type>leaf</type>
                                    <function-type>SUM</function-type>
                                    <value>0</value>
                                    <is-literal-expression>false</is-literal-expression>
                                    <display-name>spm</display-name>
                                    <metric-definition>
                                    <type>LOGICAL_METRIC</type>
                                    <logical-metric-name>Stall Count</logical-metric-name>
                                    </metric-definition>
                                    </expression1>
                                    <expression2>
                                    <type>boolean</type>
                                    <operator>PLUS</operator>
                                    <expression1>
                                    <type>leaf</type>
                                    <function-type>SUM</function-type>
                                    <value>0</value>
                                    <is-literal-expression>false</is-literal-expression>
                                    <display-name>cpm</display-name>
                                    <metric-definition>
                                    <type>LOGICAL_METRIC</type>
                                    <logical-metric-name>Calls per Minute</logical-metric-name>
                                    </metric-definition>
                                    </expression1>
                                    <expression2>
                                    <type>leaf</type>
                                    <value>1</value>
                                    <is-literal-expression>true</is-literal-expression>
                                    </expression2>
                                    </expression2>
                                    </expression1>
                                    <expression2>
                                    <type>leaf</type>
                                    <value>100</value>
                                    <is-literal-expression>true</is-literal-expression>
                                    </expression2>
                                    </metric-expression>
                                </condition1>
                                <condition2>
                                    <type>leaf</type>
                                    <display-name>vslow_spike</display-name>
                                    <condition-value-type>ABSOLUTE</condition-value-type>
                                    <condition-value>75.0</condition-value>
                                    <operator>GREATER_THAN</operator>
                                    <condition-expression>({vspm}/({cpm}+1))*100</condition-expression>
                                    <use-active-baseline>false</use-active-baseline>
                                    <metric-expression>
                                    <type>boolean</type>
                                    <operator>MULTIPLY</operator>
                                    <expression1>
                                    <type>boolean</type>
                                    <operator>DIVIDE</operator>
                                    <expression1>
                                    <type>leaf</type>
                                    <function-type>SUM</function-type>
                                    <value>0</value>
                                    <is-literal-expression>false</is-literal-expression>
                                    <display-name>vspm</display-name>
                                    <metric-definition>
                                    <type>LOGICAL_METRIC</type>
                                    <logical-metric-name>Number of Very Slow Calls</logical-metric-name>
                                    </metric-definition>
                                    </expression1>
                                    <expression2>
                                    <type>boolean</type>
                                    <operator>PLUS</operator>
                                    <expression1>
                                    <type>leaf</type>
                                    <function-type>SUM</function-type>
                                    <value>0</value>
                                    <is-literal-expression>false</is-literal-expression>
                                    <display-name>cpm</display-name>
                                    <metric-definition>
                                    <type>LOGICAL_METRIC</type>
                                    <logical-metric-name>Calls per Minute</logical-metric-name>
                                    </metric-definition>
                                    </expression1>
                                    <expression2>
                                    <type>leaf</type>
                                    <value>1</value>
                                    <is-literal-expression>true</is-literal-expression>
                                    </expression2>
                                    </expression2>
                                    </expression1>
                                    <expression2>
                                    <type>leaf</type>
                                    <value>100</value>
                                    <is-literal-expression>true</is-literal-expression>
                                    </expression2>
                                    </metric-expression>
                                </condition2>
                            </condition2>
                        </condition2>
                    </condition2>
                </condition2>
            </policy-condition>
        </critical-execution-criteria>
        <warning-execution-criteria>
            <entity-aggregation-scope>
                <type>PERCENTAGE</type>
                <value>30</value>
            </entity-aggregation-scope>
            <policy-condition>
                <type>boolean</type>
                <operator>OR</operator>
                <condition1>
                    <type>leaf</type>
                    <display-name>art</display-name>
                    <condition-value-type>BASELINE_STANDARD_DEVIATION</condition-value-type>
                    <condition-value>8.0</condition-value>
                    <operator>GREATER_THAN</operator>
                    <condition-expression/>
                    <use-active-baseline>true</use-active-baseline>
                    <metric-expression>
                        <type>leaf</type>
                        <function-type>VALUE</function-type>
                        <value>0</value>
                        <is-literal-expression>false</is-literal-expression>
                        <display-name>null</display-name>
                        <metric-definition>
                            <type>LOGICAL_METRIC</type>
                            <logical-metric-name>Average Response Time (ms)</logical-metric-name>
                        </metric-definition>
                    </metric-expression>
                </condition1>
                <condition2>
                    <type>boolean</type>
                    <operator>OR</operator>
                    <condition1>
                        <type>leaf</type>
                        <display-name>call_spike</display-name>
                        <condition-value-type>BASELINE_STANDARD_DEVIATION</condition-value-type>
                        <condition-value>8.0</condition-value>
                        <operator>GREATER_THAN</operator>
                        <condition-expression/>
                        <use-active-baseline>true</use-active-baseline>
                        <metric-expression>
                            <type>leaf</type>
                            <function-type>VALUE</function-type>
                            <value>0</value>
                            <is-literal-expression>false</is-literal-expression>
                            <display-name>null</display-name>
                            <metric-definition>
                                <type>LOGICAL_METRIC</type>
                                <logical-metric-name>Calls per Minute</logical-metric-name>
                            </metric-definition>
                        </metric-expression>
                    </condition1>
                    <condition2>
                        <type>boolean</type>
                        <operator>OR</operator>
                        <condition1>
                            <type>leaf</type>
                            <display-name>errors_spike</display-name>
                            <condition-value-type>ABSOLUTE</condition-value-type>
                            <condition-value>68.0</condition-value>
                            <operator>GREATER_THAN</operator>
                            <condition-expression>({epm}/({cpm}+1))*100</condition-expression>
                            <use-active-baseline>false</use-active-baseline>
                            <metric-expression>
                                <type>boolean</type>
                                <operator>MULTIPLY</operator>
                                <expression1>
                                    <type>boolean</type>
                                    <operator>DIVIDE</operator>
                                    <expression1>
                                    <type>leaf</type>
                                    <function-type>SUM</function-type>
                                    <value>0</value>
                                    <is-literal-expression>false</is-literal-expression>
                                    <display-name>epm</display-name>
                                    <metric-definition>
                                    <type>LOGICAL_METRIC</type>
                                    <logical-metric-name>Errors per Minute</logical-metric-name>
                                    </metric-definition>
                                    </expression1>
                                    <expression2>
                                    <type>boolean</type>
                                    <operator>PLUS</operator>
                                    <expression1>
                                    <type>leaf</type>
                                    <function-type>SUM</function-type>
                                    <value>0</value>
                                    <is-literal-expression>false</is-literal-expression>
                                    <display-name>cpm</display-name>
                                    <metric-definition>
                                    <type>LOGICAL_METRIC</type>
                                    <logical-metric-name>Calls per Minute</logical-metric-name>
                                    </metric-definition>
                                    </expression1>
                                    <expression2>
                                    <type>leaf</type>
                                    <value>1</value>
                                    <is-literal-expression>true</is-literal-expression>
                                    </expression2>
                                    </expression2>
                                </expression1>
                                <expression2>
                                    <type>leaf</type>
                                    <value>100</value>
                                    <is-literal-expression>true</is-literal-expression>
                                </expression2>
                            </metric-expression>
                        </condition1>
                        <condition2>
                            <type>boolean</type>
                            <operator>OR</operator>
                            <condition1>
                                <type>leaf</type>
                                <display-name>slow_spike</display-name>
                                <condition-value-type>ABSOLUTE</condition-value-type>
                                <condition-value>68.0</condition-value>
                                <operator>GREATER_THAN</operator>
                                <condition-expression>({spm}/({cpm}+1))*100</condition-expression>
                                <use-active-baseline>false</use-active-baseline>
                                <metric-expression>
                                    <type>boolean</type>
                                    <operator>MULTIPLY</operator>
                                    <expression1>
                                    <type>boolean</type>
                                    <operator>DIVIDE</operator>
                                    <expression1>
                                    <type>leaf</type>
                                    <function-type>SUM</function-type>
                                    <value>0</value>
                                    <is-literal-expression>false</is-literal-expression>
                                    <display-name>spm</display-name>
                                    <metric-definition>
                                    <type>LOGICAL_METRIC</type>
                                    <logical-metric-name>Number of Slow Calls</logical-metric-name>
                                    </metric-definition>
                                    </expression1>
                                    <expression2>
                                    <type>boolean</type>
                                    <operator>PLUS</operator>
                                    <expression1>
                                    <type>leaf</type>
                                    <function-type>SUM</function-type>
                                    <value>0</value>
                                    <is-literal-expression>false</is-literal-expression>
                                    <display-name>cpm</display-name>
                                    <metric-definition>
                                    <type>LOGICAL_METRIC</type>
                                    <logical-metric-name>Calls per Minute</logical-metric-name>
                                    </metric-definition>
                                    </expression1>
                                    <expression2>
                                    <type>leaf</type>
                                    <value>1</value>
                                    <is-literal-expression>true</is-literal-expression>
                                    </expression2>
                                    </expression2>
                                    </expression1>
                                    <expression2>
                                    <type>leaf</type>
                                    <value>100</value>
                                    <is-literal-expression>true</is-literal-expression>
                                    </expression2>
                                </metric-expression>
                            </condition1>
                            <condition2>
                                <type>boolean</type>
                                <operator>OR</operator>
                                <condition1>
                                    <type>leaf</type>
                                    <display-name>stall_spike</display-name>
                                    <condition-value-type>ABSOLUTE</condition-value-type>
                                    <condition-value>68.0</condition-value>
                                    <operator>GREATER_THAN</operator>
                                    <condition-expression>({spm}/({cpm}+1))*100</condition-expression>
                                    <use-active-baseline>false</use-active-baseline>
                                    <metric-expression>
                                    <type>boolean</type>
                                    <operator>MULTIPLY</operator>
                                    <expression1>
                                    <type>boolean</type>
                                    <operator>DIVIDE</operator>
                                    <expression1>
                                    <type>leaf</type>
                                    <function-type>SUM</function-type>
                                    <value>0</value>
                                    <is-literal-expression>false</is-literal-expression>
                                    <display-name>spm</display-name>
                                    <metric-definition>
                                    <type>LOGICAL_METRIC</type>
                                    <logical-metric-name>Stall Count</logical-metric-name>
                                    </metric-definition>
                                    </expression1>
                                    <expression2>
                                    <type>boolean</type>
                                    <operator>PLUS</operator>
                                    <expression1>
                                    <type>leaf</type>
                                    <function-type>SUM</function-type>
                                    <value>0</value>
                                    <is-literal-expression>false</is-literal-expression>
                                    <display-name>cpm</display-name>
                                    <metric-definition>
                                    <type>LOGICAL_METRIC</type>
                                    <logical-metric-name>Calls per Minute</logical-metric-name>
                                    </metric-definition>
                                    </expression1>
                                    <expression2>
                                    <type>leaf</type>
                                    <value>1</value>
                                    <is-literal-expression>true</is-literal-expression>
                                    </expression2>
                                    </expression2>
                                    </expression1>
                                    <expression2>
                                    <type>leaf</type>
                                    <value>100</value>
                                    <is-literal-expression>true</is-literal-expression>
                                    </expression2>
                                    </metric-expression>
                                </condition1>
                                <condition2>
                                    <type>leaf</type>
                                    <display-name>vslow_spike</display-name>
                                    <condition-value-type>ABSOLUTE</condition-value-type>
                                    <condition-value>68.0</condition-value>
                                    <operator>GREATER_THAN</operator>
                                    <condition-expression>({vspm}/({cpm}+1))*100</condition-expression>
                                    <use-active-baseline>false</use-active-baseline>
                                    <metric-expression>
                                    <type>boolean</type>
                                    <operator>MULTIPLY</operator>
                                    <expression1>
                                    <type>boolean</type>
                                    <operator>DIVIDE</operator>
                                    <expression1>
                                    <type>leaf</type>
                                    <function-type>SUM</function-type>
                                    <value>0</value>
                                    <is-literal-expression>false</is-literal-expression>
                                    <display-name>vspm</display-name>
                                    <metric-definition>
                                    <type>LOGICAL_METRIC</type>
                                    <logical-metric-name>Number of Very Slow Calls</logical-metric-name>
                                    </metric-definition>
                                    </expression1>
                                    <expression2>
                                    <type>boolean</type>
                                    <operator>PLUS</operator>
                                    <expression1>
                                    <type>leaf</type>
                                    <function-type>SUM</function-type>
                                    <value>0</value>
                                    <is-literal-expression>false</is-literal-expression>
                                    <display-name>cpm</display-name>
                                    <metric-definition>
                                    <type>LOGICAL_METRIC</type>
                                    <logical-metric-name>Calls per Minute</logical-metric-name>
                                    </metric-definition>
                                    </expression1>
                                    <expression2>
                                    <type>leaf</type>
                                    <value>1</value>
                                    <is-literal-expression>true</is-literal-expression>
                                    </expression2>
                                    </expression2>
                                    </expression1>
                                    <expression2>
                                    <type>leaf</type>
                                    <value>100</value>
                                    <is-literal-expression>true</is-literal-expression>
                                    </expression2>
                                    </metric-expression>
                                </condition2>
                            </condition2>
                        </condition2>
                    </condition2>
                </condition2>
            </policy-condition>
        </warning-execution-criteria>
    </health-rule>
    <health-rule>
        <name>Java Infra Health</name>
        <type>INFRASTRUCTURE</type>
        <description/>
        <enabled>true</enabled>
        <is-default>false</is-default>
        <always-enabled>true</always-enabled>
        <duration-min>30</duration-min>
        <wait-time-min>30</wait-time-min>
        <affected-entities-match-criteria>
            <affected-infra-match-criteria>
                <type>NODES</type>
                <node-match-criteria>
                    <type>ANY</type>
                    <node-meta-info-match-criteria/>
                    <vm-sys-properties/>
                    <env-properties/>
                </node-match-criteria>
            </affected-infra-match-criteria>
        </affected-entities-match-criteria>
        <critical-execution-criteria>
            <entity-aggregation-scope>
                <type>ANY</type>
                <value>0</value>
            </entity-aggregation-scope>
            <policy-condition>
                <type>boolean</type>
                <operator>OR</operator>
                <condition1>
                    <type>leaf</type>
                    <display-name>cpu_busy</display-name>
                    <condition-value-type>ABSOLUTE</condition-value-type>
                    <condition-value>95.0</condition-value>
                    <operator>GREATER_THAN</operator>
                    <condition-expression/>
                    <use-active-baseline>false</use-active-baseline>
                    <metric-expression>
                        <type>leaf</type>
                        <function-type>VALUE</function-type>
                        <value>0</value>
                        <is-literal-expression>false</is-literal-expression>
                        <display-name>null</display-name>
                        <metric-definition>
                            <type>LOGICAL_METRIC</type>
                            <logical-metric-name>Hardware Resources|CPU|%Busy</logical-metric-name>
                        </metric-definition>
                    </metric-expression>
                </condition1>
                <condition2>
                    <type>boolean</type>
                    <operator>OR</operator>
                    <condition1>
                        <type>leaf</type>
                        <display-name>hw_mem</display-name>
                        <condition-value-type>ABSOLUTE</condition-value-type>
                        <condition-value>95.0</condition-value>
                        <operator>GREATER_THAN</operator>
                        <condition-expression/>
                        <use-active-baseline>false</use-active-baseline>
                        <metric-expression>
                            <type>leaf</type>
                            <function-type>VALUE</function-type>
                            <value>0</value>
                            <is-literal-expression>false</is-literal-expression>
                            <display-name>null</display-name>
                            <metric-definition>
                                <type>LOGICAL_METRIC</type>
                                <logical-metric-name>Hardware Resources|Memory|Used %</logical-metric-name>
                            </metric-definition>
                        </metric-expression>
                    </condition1>
                    <condition2>
                        <type>boolean</type>
                        <operator>OR</operator>
                        <condition1>
                            <type>leaf</type>
                            <display-name>gc &gt; 5 secs</display-name>
                            <condition-value-type>ABSOLUTE</condition-value-type>
                            <condition-value>5000.0</condition-value>
                            <operator>GREATER_THAN</operator>
                            <condition-expression/>
                            <use-active-baseline>false</use-active-baseline>
                            <metric-expression>
                                <type>leaf</type>
                                <function-type>VALUE</function-type>
                                <value>0</value>
                                <is-literal-expression>false</is-literal-expression>
                                <display-name>null</display-name>
                                <metric-definition>
                                    <type>LOGICAL_METRIC</type>
                                    <logical-metric-name>JVM|Garbage Collection|GC Time Spent Per Min (ms)</logical-metric-name>
                                </metric-definition>
                            </metric-expression>
                        </condition1>
                        <condition2>
                            <type>boolean</type>
                            <operator>OR</operator>
                            <condition1>
                                <type>leaf</type>
                                <display-name>gc major collections</display-name>
                                <condition-value-type>ABSOLUTE</condition-value-type>
                                <condition-value>5.0</condition-value>
                                <operator>GREATER_THAN</operator>
                                <condition-expression/>
                                <use-active-baseline>false</use-active-baseline>
                                <metric-expression>
                                    <type>leaf</type>
                                    <function-type>VALUE</function-type>
                                    <value>0</value>
                                    <is-literal-expression>false</is-literal-expression>
                                    <display-name>null</display-name>
                                    <metric-definition>
                                    <type>LOGICAL_METRIC</type>
                                    <logical-metric-name>JVM|Garbage Collection|Number of Major Collections Per Min</logical-metric-name>
                                    </metric-definition>
                                </metric-expression>
                            </condition1>
                            <condition2>
                                <type>leaf</type>
                                <display-name>heap</display-name>
                                <condition-value-type>ABSOLUTE</condition-value-type>
                                <condition-value>95.0</condition-value>
                                <operator>GREATER_THAN</operator>
                                <condition-expression/>
                                <use-active-baseline>false</use-active-baseline>
                                <metric-expression>
                                    <type>leaf</type>
                                    <function-type>VALUE</function-type>
                                    <value>0</value>
                                    <is-literal-expression>false</is-literal-expression>
                                    <display-name>null</display-name>
                                    <metric-definition>
                                    <type>LOGICAL_METRIC</type>
                                    <logical-metric-name>JVM|Memory:Heap|Used %</logical-metric-name>
                                    </metric-definition>
                                </metric-expression>
                            </condition2>
                        </condition2>
                    </condition2>
                </condition2>
            </policy-condition>
        </critical-execution-criteria>
        <warning-execution-criteria>
            <entity-aggregation-scope>
                <type>ANY</type>
                <value>0</value>
            </entity-aggregation-scope>
            <policy-condition>
                <type>boolean</type>
                <operator>OR</operator>
                <condition1>
                    <type>leaf</type>
                    <display-name>cpu_busy</display-name>
                    <condition-value-type>ABSOLUTE</condition-value-type>
                    <condition-value>90.0</condition-value>
                    <operator>GREATER_THAN</operator>
                    <condition-expression/>
                    <use-active-baseline>false</use-active-baseline>
                    <metric-expression>
                        <type>leaf</type>
                        <function-type>VALUE</function-type>
                        <value>0</value>
                        <is-literal-expression>false</is-literal-expression>
                        <display-name>null</display-name>
                        <metric-definition>
                            <type>LOGICAL_METRIC</type>
                            <logical-metric-name>Hardware Resources|CPU|%Busy</logical-metric-name>
                        </metric-definition>
                    </metric-expression>
                </condition1>
                <condition2>
                    <type>boolean</type>
                    <operator>OR</operator>
                    <condition1>
                        <type>leaf</type>
                        <display-name>hw_mem</display-name>
                        <condition-value-type>ABSOLUTE</condition-value-type>
                        <condition-value>90.0</condition-value>
                        <operator>GREATER_THAN</operator>
                        <condition-expression/>
                        <use-active-baseline>false</use-active-baseline>
                        <metric-expression>
                            <type>leaf</type>
                            <function-type>VALUE</function-type>
                            <value>0</value>
                            <is-literal-expression>false</is-literal-expression>
                            <display-name>null</display-name>
                            <metric-definition>
                                <type>LOGICAL_METRIC</type>
                                <logical-metric-name>Hardware Resources|Memory|Used %</logical-metric-name>
                            </metric-definition>
                        </metric-expression>
                    </condition1>
                    <condition2>
                        <type>boolean</type>
                        <operator>OR</operator>
                        <condition1>
                            <type>leaf</type>
                            <display-name>gc &gt; 5 secs</display-name>
                            <condition-value-type>ABSOLUTE</condition-value-type>
                            <condition-value>3000.0</condition-value>
                            <operator>GREATER_THAN</operator>
                            <condition-expression/>
                            <use-active-baseline>false</use-active-baseline>
                            <metric-expression>
                                <type>leaf</type>
                                <function-type>VALUE</function-type>
                                <value>0</value>
                                <is-literal-expression>false</is-literal-expression>
                                <display-name>null</display-name>
                                <metric-definition>
                                    <type>LOGICAL_METRIC</type>
                                    <logical-metric-name>JVM|Garbage Collection|GC Time Spent Per Min (ms)</logical-metric-name>
                                </metric-definition>
                            </metric-expression>
                        </condition1>
                        <condition2>
                            <type>boolean</type>
                            <operator>OR</operator>
                            <condition1>
                                <type>leaf</type>
                                <display-name>gc major collections</display-name>
                                <condition-value-type>ABSOLUTE</condition-value-type>
                                <condition-value>3.0</condition-value>
                                <operator>GREATER_THAN</operator>
                                <condition-expression/>
                                <use-active-baseline>false</use-active-baseline>
                                <metric-expression>
                                    <type>leaf</type>
                                    <function-type>VALUE</function-type>
                                    <value>0</value>
                                    <is-literal-expression>false</is-literal-expression>
                                    <display-name>null</display-name>
                                    <metric-definition>
                                    <type>LOGICAL_METRIC</type>
                                    <logical-metric-name>JVM|Garbage Collection|Number of Major Collections Per Min</logical-metric-name>
                                    </metric-definition>
                                </metric-expression>
                            </condition1>
                            <condition2>
                                <type>leaf</type>
                                <display-name>Heap</display-name>
                                <condition-value-type>ABSOLUTE</condition-value-type>
                                <condition-value>90.0</condition-value>
                                <operator>GREATER_THAN</operator>
                                <condition-expression/>
                                <use-active-baseline>false</use-active-baseline>
                                <metric-expression>
                                    <type>leaf</type>
                                    <function-type>VALUE</function-type>
                                    <value>0</value>
                                    <is-literal-expression>false</is-literal-expression>
                                    <display-name>null</display-name>
                                    <metric-definition>
                                    <type>LOGICAL_METRIC</type>
                                    <logical-metric-name>JVM|Memory:Heap|Used %</logical-metric-name>
                                    </metric-definition>
                                </metric-expression>
                            </condition2>
                        </condition2>
                    </condition2>
                </condition2>
            </policy-condition>
        </warning-execution-criteria>
    </health-rule>
    <health-rule>
        <name>Java Agent Availability</name>
        <type>INFRASTRUCTURE</type>
        <description/>
        <enabled>true</enabled>
        <is-default>false</is-default>
        <always-enabled>true</always-enabled>
        <duration-min>30</duration-min>
        <wait-time-min>30</wait-time-min>
        <affected-entities-match-criteria>
            <affected-infra-match-criteria>
                <type>ALL_TIERS</type>
            </affected-infra-match-criteria>
        </affected-entities-match-criteria>
        <critical-execution-criteria>
            <entity-aggregation-scope>
                <type>ANY</type>
                <value>0</value>
            </entity-aggregation-scope>
            <policy-condition>
                <type>leaf</type>
                <display-name>App Availability</display-name>
                <condition-value-type>ABSOLUTE</condition-value-type>
                <condition-value>1.0</condition-value>
                <operator>LESS_THAN</operator>
                <condition-expression/>
                <use-active-baseline>false</use-active-baseline>
                <metric-expression>
                    <type>leaf</type>
                    <function-type>SUM</function-type>
                    <value>0</value>
                    <is-literal-expression>false</is-literal-expression>
                    <display-name>null</display-name>
                    <metric-definition>
                        <type>LOGICAL_METRIC</type>
                        <logical-metric-name>Agent|App|Availability</logical-metric-name>
                    </metric-definition>
                </metric-expression>
            </policy-condition>
        </critical-execution-criteria>
    </health-rule>
</health-rules>
