{
    "schemaVersion": null,
    "dashboardFormatVersion": "2.0",
    "name": "BT - Sample 1",
    "description": null,
    "properties": null,
    "templateEntityType": null,
    "associatedEntityTemplates": null,
    "minutesBeforeAnchorTime": 1440,
    "startDate": null,
    "endDate": null,
    "refreshInterval": 120000,
    "backgroundColor": 13685977,
    "color": 13685977,
    "height": 768,
    "width": 1024,
    "canvasType": "CANVAS_TYPE_GRID",
    "layoutType": "",
    "widgetTemplates": [
        {
            "widgetType": "GraphWidget",
            "title": "Calls per Minute",
            "height": 3,
            "width": 6,
            "x": 1,
            "y": 0,
            "label": null,
            "description": null,
            "drillDownUrl": null,
            "useMetricBrowserAsDrillDown": true,
            "backgroundColor": 16777215,
            "backgroundColors": null,
            "backgroundColorsStr": "16777215,16777215",
            "color": 4210752,
            "fontSize": 12,
            "useAutomaticFontSize": null,
            "borderEnabled": false,
            "borderThickness": 0,
            "borderColor": 14408667,
            "backgroundAlpha": 1,
            "showValues": false,
            "compactMode": false,
            "showTimeRange": false,
            "renderIn3D": false,
            "showLegend": false,
            "legendPosition": "POSITION_BOTTOM",
            "legendColumnCount": 1,
            "startTime": 0,
            "endTime": 0,
            "minutesBeforeAnchorTime": 1440,
            "isGlobal": true,
            "propertiesMap": null,
            "dataSeriesTemplates": [
                {
                    "seriesType": "LINE",
                    "metricType": "BUSINESS_TRANSACTION",
                    "showRawMetricName": false,
                    "colorPalette": null,
                    "name": "CPM",
                    "metricMatchCriteriaTemplate": {
                        "entityMatchCriteria": {
                            "matchCriteriaType": "SpecificEntities",
                            "entityType": "BUSINESS_TRANSACTION",
                            "agentTypes": null,
                            "entityNames": [
                                {
                                    "applicationName": "ECommerce",
                                    "entityType": "BUSINESS_TRANSACTION",
                                    "entityName": "Homepage",
                                    "scopingEntityType": "APPLICATION_COMPONENT",
                                    "scopingEntityName": "ECommerce-Services",
                                    "subtype": "SERVLET"
                                }
                            ],
                            "summary": false
                        },
                        "metricExpressionTemplate": {
                            "metricExpressionType": "Logical",
                            "functionType": "VALUE",
                            "relativeMetricPath": "Calls per Minute"
                        },
                        "rollupMetricData": false,
                        "useActiveBaseline": false,
                        "sortResultsAscending": false,
                        "maxResults": 20,
                        "evaluationScopeType": "TIER_AVERAGE",
                        "baselineName": null,
                        "applicationName": "ECommerce",
                        "customLegendFormat": ""
                    }
                }
            ],
            "verticalAxisLabel": null,
            "hideHorizontalAxis": true,
            "horizontalAxisLabel": null,
            "axisType": "LINEAR",
            "stackMode": null,
            "showEvents": true,
            "eventFilterTemplate": null
        },
        {
            "widgetType": "MetricLabelWidget",
            "title": "Max Response Time (ms)",
            "height": 1,
            "width": 2,
            "x": 4,
            "y": 8,
            "label": "${v}",
            "description": null,
            "drillDownUrl": null,
            "useMetricBrowserAsDrillDown": true,
            "backgroundColor": 16777215,
            "backgroundColors": null,
            "backgroundColorsStr": null,
            "color": 4210752,
            "fontSize": 30,
            "useAutomaticFontSize": true,
            "borderEnabled": false,
            "borderThickness": 0,
            "borderColor": 14408667,
            "backgroundAlpha": 1,
            "showValues": false,
            "compactMode": null,
            "showTimeRange": true,
            "renderIn3D": null,
            "showLegend": null,
            "legendPosition": null,
            "legendColumnCount": null,
            "startTime": 0,
            "endTime": 0,
            "minutesBeforeAnchorTime": 1440,
            "isGlobal": true,
            "propertiesMap": null,
            "dataSeriesTemplates": [
                {
                    "seriesType": null,
                    "metricType": null,
                    "showRawMetricName": null,
                    "colorPalette": null,
                    "name": "f9e38c34-c58c-432f-ba05-273d025cb0e5",
                    "metricMatchCriteriaTemplate": {
                        "entityMatchCriteria": null,
                        "metricExpressionTemplate": {
                            "metricExpressionType": "Absolute",
                            "functionType": "MAX",
                            "metricPath": "Business Transaction Performance|Business Transactions|ECommerce-Services|Homepage|Average Response Time (ms)",
                            "scopeEntity": {
                                "applicationName": "ECommerce",
                                "entityType": "APPLICATION_COMPONENT",
                                "entityName": "ECommerce-Services",
                                "scopingEntityType": null,
                                "scopingEntityName": null,
                                "subtype": null
                            }
                        },
                        "rollupMetricData": true,
                        "useActiveBaseline": false,
                        "sortResultsAscending": null,
                        "maxResults": null,
                        "evaluationScopeType": null,
                        "baselineName": null,
                        "applicationName": "ECommerce",
                        "customLegendFormat": null
                    }
                }
            ],
            "text": null
        },
        {
            "widgetType": "MetricLabelWidget",
            "title": "Errors per Minute",
            "height": 1,
            "width": 2,
            "x": 8,
            "y": 0,
            "label": "${v}",
            "description": null,
            "drillDownUrl": null,
            "useMetricBrowserAsDrillDown": true,
            "backgroundColor": 16777215,
            "backgroundColors": null,
            "backgroundColorsStr": null,
            "color": 4210752,
            "fontSize": 30,
            "useAutomaticFontSize": true,
            "borderEnabled": false,
            "borderThickness": 0,
            "borderColor": 14408667,
            "backgroundAlpha": 1,
            "showValues": false,
            "compactMode": null,
            "showTimeRange": true,
            "renderIn3D": null,
            "showLegend": null,
            "legendPosition": null,
            "legendColumnCount": null,
            "startTime": 0,
            "endTime": 0,
            "minutesBeforeAnchorTime": 1440,
            "isGlobal": true,
            "propertiesMap": null,
            "dataSeriesTemplates": [
                {
                    "seriesType": null,
                    "metricType": null,
                    "showRawMetricName": null,
                    "colorPalette": null,
                    "name": "834cf525-42fe-4bb2-aff4-3be799dc961a",
                    "metricMatchCriteriaTemplate": {
                        "entityMatchCriteria": null,
                        "metricExpressionTemplate": {
                            "metricExpressionType": "Absolute",
                            "functionType": "VALUE",
                            "metricPath": "Business Transaction Performance|Business Transactions|ECommerce-Services|Homepage|Errors per Minute",
                            "scopeEntity": {
                                "applicationName": "ECommerce",
                                "entityType": "APPLICATION_COMPONENT",
                                "entityName": "ECommerce-Services",
                                "scopingEntityType": null,
                                "scopingEntityName": null,
                                "subtype": null
                            }
                        },
                        "rollupMetricData": true,
                        "useActiveBaseline": false,
                        "sortResultsAscending": null,
                        "maxResults": null,
                        "evaluationScopeType": null,
                        "baselineName": null,
                        "applicationName": "ECommerce",
                        "customLegendFormat": null
                    }
                }
            ],
            "text": null
        },
        {
            "widgetType": "MetricLabelWidget",
            "title": "Very Slow Calls",
            "height": 1,
            "width": 2,
            "x": 8,
            "y": 8,
            "label": "${v}",
            "description": null,
            "drillDownUrl": null,
            "useMetricBrowserAsDrillDown": true,
            "backgroundColor": 16777215,
            "backgroundColors": null,
            "backgroundColorsStr": null,
            "color": 4210752,
            "fontSize": 30,
            "useAutomaticFontSize": true,
            "borderEnabled": false,
            "borderThickness": 0,
            "borderColor": 14408667,
            "backgroundAlpha": 1,
            "showValues": false,
            "compactMode": null,
            "showTimeRange": true,
            "renderIn3D": null,
            "showLegend": null,
            "legendPosition": null,
            "legendColumnCount": null,
            "startTime": 0,
            "endTime": 0,
            "minutesBeforeAnchorTime": 1440,
            "isGlobal": true,
            "propertiesMap": null,
            "dataSeriesTemplates": [
                {
                    "seriesType": null,
                    "metricType": null,
                    "showRawMetricName": null,
                    "colorPalette": null,
                    "name": "1ca179fc-dfab-497f-b8eb-2de788c449f3",
                    "metricMatchCriteriaTemplate": {
                        "entityMatchCriteria": null,
                        "metricExpressionTemplate": {
                            "metricExpressionType": "Absolute",
                            "functionType": "VALUE",
                            "metricPath": "Business Transaction Performance|Business Transactions|ECommerce-Services|Homepage|Number of Very Slow Calls",
                            "scopeEntity": {
                                "applicationName": "ECommerce",
                                "entityType": "APPLICATION_COMPONENT",
                                "entityName": "ECommerce-Services",
                                "scopingEntityType": null,
                                "scopingEntityName": null,
                                "subtype": null
                            }
                        },
                        "rollupMetricData": true,
                        "useActiveBaseline": false,
                        "sortResultsAscending": null,
                        "maxResults": null,
                        "evaluationScopeType": null,
                        "baselineName": null,
                        "applicationName": "ECommerce",
                        "customLegendFormat": null
                    }
                }
            ],
            "text": null
        },
        {
            "widgetType": "MetricLabelWidget",
            "title": "Stalls",
            "height": 1,
            "width": 2,
            "x": 8,
            "y": 10,
            "label": "${v}",
            "description": null,
            "drillDownUrl": null,
            "useMetricBrowserAsDrillDown": true,
            "backgroundColor": 16777215,
            "backgroundColors": null,
            "backgroundColorsStr": null,
            "color": 4210752,
            "fontSize": 30,
            "useAutomaticFontSize": true,
            "borderEnabled": false,
            "borderThickness": 0,
            "borderColor": 14408667,
            "backgroundAlpha": 1,
            "showValues": false,
            "compactMode": null,
            "showTimeRange": true,
            "renderIn3D": null,
            "showLegend": null,
            "legendPosition": null,
            "legendColumnCount": null,
            "startTime": 0,
            "endTime": 0,
            "minutesBeforeAnchorTime": 1440,
            "isGlobal": true,
            "propertiesMap": null,
            "dataSeriesTemplates": [
                {
                    "seriesType": null,
                    "metricType": null,
                    "showRawMetricName": null,
                    "colorPalette": null,
                    "name": "9d100e8a-78df-4075-a940-4c2497b88f18",
                    "metricMatchCriteriaTemplate": {
                        "entityMatchCriteria": null,
                        "metricExpressionTemplate": {
                            "metricExpressionType": "Absolute",
                            "functionType": "VALUE",
                            "metricPath": "Business Transaction Performance|Business Transactions|ECommerce-Services|Homepage|Stall Count",
                            "scopeEntity": {
                                "applicationName": "ECommerce",
                                "entityType": "APPLICATION_COMPONENT",
                                "entityName": "ECommerce-Services",
                                "scopingEntityType": null,
                                "scopingEntityName": null,
                                "subtype": null
                            }
                        },
                        "rollupMetricData": true,
                        "useActiveBaseline": false,
                        "sortResultsAscending": null,
                        "maxResults": null,
                        "evaluationScopeType": null,
                        "baselineName": null,
                        "applicationName": "ECommerce",
                        "customLegendFormat": null
                    }
                }
            ],
            "text": null
        },
        {
            "widgetType": "TextWidget",
            "title": null,
            "height": 1,
            "width": 12,
            "x": 0,
            "y": 0,
            "label": null,
            "description": null,
            "drillDownUrl": null,
            "useMetricBrowserAsDrillDown": true,
            "backgroundColor": 16777215,
            "backgroundColors": null,
            "backgroundColorsStr": null,
            "color": 4210752,
            "fontSize": 30,
            "useAutomaticFontSize": null,
            "borderEnabled": false,
            "borderThickness": 0,
            "borderColor": 14408667,
            "backgroundAlpha": 1,
            "showValues": false,
            "compactMode": null,
            "showTimeRange": true,
            "renderIn3D": null,
            "showLegend": null,
            "legendPosition": null,
            "legendColumnCount": null,
            "startTime": null,
            "endTime": null,
            "minutesBeforeAnchorTime": null,
            "isGlobal": null,
            "propertiesMap": null,
            "dataSeriesTemplates": null,
            "text": "Business Transaction: Homepage"
        },
        {
            "widgetType": "MetricLabelWidget",
            "title": "Total Errors",
            "height": 1,
            "width": 2,
            "x": 8,
            "y": 2,
            "label": "${v}",
            "description": null,
            "drillDownUrl": null,
            "useMetricBrowserAsDrillDown": true,
            "backgroundColor": 16777215,
            "backgroundColors": null,
            "backgroundColorsStr": null,
            "color": 4210752,
            "fontSize": 30,
            "useAutomaticFontSize": true,
            "borderEnabled": false,
            "borderThickness": 0,
            "borderColor": 14408667,
            "backgroundAlpha": 1,
            "showValues": false,
            "compactMode": null,
            "showTimeRange": true,
            "renderIn3D": null,
            "showLegend": null,
            "legendPosition": null,
            "legendColumnCount": null,
            "startTime": 0,
            "endTime": 0,
            "minutesBeforeAnchorTime": 1440,
            "isGlobal": true,
            "propertiesMap": null,
            "dataSeriesTemplates": [
                {
                    "seriesType": null,
                    "metricType": null,
                    "showRawMetricName": null,
                    "colorPalette": null,
                    "name": "1135d226-90a0-4f7c-90c0-3636aad240b4",
                    "metricMatchCriteriaTemplate": {
                        "entityMatchCriteria": null,
                        "metricExpressionTemplate": {
                            "metricExpressionType": "Absolute",
                            "functionType": "SUM",
                            "metricPath": "Business Transaction Performance|Business Transactions|ECommerce-Services|Homepage|Errors per Minute",
                            "scopeEntity": {
                                "applicationName": "ECommerce",
                                "entityType": "APPLICATION_COMPONENT",
                                "entityName": "ECommerce-Services",
                                "scopingEntityType": null,
                                "scopingEntityName": null,
                                "subtype": null
                            }
                        },
                        "rollupMetricData": true,
                        "useActiveBaseline": false,
                        "sortResultsAscending": null,
                        "maxResults": null,
                        "evaluationScopeType": null,
                        "baselineName": null,
                        "applicationName": "ECommerce",
                        "customLegendFormat": null
                    }
                }
            ],
            "text": null
        },
        {
            "widgetType": "MetricLabelWidget",
            "title": "Slow Calls",
            "height": 1,
            "width": 2,
            "x": 8,
            "y": 6,
            "label": "${v}",
            "description": null,
            "drillDownUrl": null,
            "useMetricBrowserAsDrillDown": true,
            "backgroundColor": 16777215,
            "backgroundColors": null,
            "backgroundColorsStr": null,
            "color": 4210752,
            "fontSize": 30,
            "useAutomaticFontSize": true,
            "borderEnabled": false,
            "borderThickness": 0,
            "borderColor": 14408667,
            "backgroundAlpha": 1,
            "showValues": false,
            "compactMode": null,
            "showTimeRange": true,
            "renderIn3D": null,
            "showLegend": null,
            "legendPosition": null,
            "legendColumnCount": null,
            "startTime": 0,
            "endTime": 0,
            "minutesBeforeAnchorTime": 1440,
            "isGlobal": true,
            "propertiesMap": null,
            "dataSeriesTemplates": [
                {
                    "seriesType": null,
                    "metricType": null,
                    "showRawMetricName": null,
                    "colorPalette": null,
                    "name": "3da79215-750b-4ed6-8071-0c2ba6bc4942",
                    "metricMatchCriteriaTemplate": {
                        "entityMatchCriteria": null,
                        "metricExpressionTemplate": {
                            "metricExpressionType": "Absolute",
                            "functionType": "VALUE",
                            "metricPath": "Business Transaction Performance|Business Transactions|ECommerce-Services|Homepage|Number of Slow Calls",
                            "scopeEntity": {
                                "applicationName": "ECommerce",
                                "entityType": "APPLICATION_COMPONENT",
                                "entityName": "ECommerce-Services",
                                "scopingEntityType": null,
                                "scopingEntityName": null,
                                "subtype": null
                            }
                        },
                        "rollupMetricData": true,
                        "useActiveBaseline": false,
                        "sortResultsAscending": null,
                        "maxResults": null,
                        "evaluationScopeType": null,
                        "baselineName": null,
                        "applicationName": "ECommerce",
                        "customLegendFormat": null
                    }
                }
            ],
            "text": null
        },
        {
            "widgetType": "GraphWidget",
            "title": "Calls per Minute",
            "height": 3,
            "width": 6,
            "x": 1,
            "y": 6,
            "label": null,
            "description": null,
            "drillDownUrl": null,
            "useMetricBrowserAsDrillDown": true,
            "backgroundColor": 16777215,
            "backgroundColors": null,
            "backgroundColorsStr": "16777215,16777215",
            "color": 4210752,
            "fontSize": 12,
            "useAutomaticFontSize": null,
            "borderEnabled": false,
            "borderThickness": 0,
            "borderColor": 14408667,
            "backgroundAlpha": 1,
            "showValues": false,
            "compactMode": false,
            "showTimeRange": false,
            "renderIn3D": false,
            "showLegend": false,
            "legendPosition": "POSITION_BOTTOM",
            "legendColumnCount": 1,
            "startTime": 0,
            "endTime": 0,
            "minutesBeforeAnchorTime": 1440,
            "isGlobal": true,
            "propertiesMap": null,
            "dataSeriesTemplates": [
                {
                    "seriesType": "LINE",
                    "metricType": "BUSINESS_TRANSACTION",
                    "showRawMetricName": false,
                    "colorPalette": null,
                    "name": "ART",
                    "metricMatchCriteriaTemplate": {
                        "entityMatchCriteria": {
                            "matchCriteriaType": "SpecificEntities",
                            "entityType": "BUSINESS_TRANSACTION",
                            "agentTypes": null,
                            "entityNames": [
                                {
                                    "applicationName": "ECommerce",
                                    "entityType": "BUSINESS_TRANSACTION",
                                    "entityName": "Homepage",
                                    "scopingEntityType": "APPLICATION_COMPONENT",
                                    "scopingEntityName": "ECommerce-Services",
                                    "subtype": "SERVLET"
                                }
                            ],
                            "summary": false
                        },
                        "metricExpressionTemplate": {
                            "metricExpressionType": "Logical",
                            "functionType": "VALUE",
                            "relativeMetricPath": "Average Response Time (ms)"
                        },
                        "rollupMetricData": false,
                        "useActiveBaseline": false,
                        "sortResultsAscending": false,
                        "maxResults": 20,
                        "evaluationScopeType": "TIER_AVERAGE",
                        "baselineName": null,
                        "applicationName": "ECommerce",
                        "customLegendFormat": ""
                    }
                }
            ],
            "verticalAxisLabel": null,
            "hideHorizontalAxis": true,
            "horizontalAxisLabel": null,
            "axisType": "LINEAR",
            "stackMode": null,
            "showEvents": true,
            "eventFilterTemplate": null
        },
        {
            "widgetType": "GraphWidget",
            "title": "Errors per Minute",
            "height": 3,
            "width": 6,
            "x": 5,
            "y": 0,
            "label": null,
            "description": null,
            "drillDownUrl": null,
            "useMetricBrowserAsDrillDown": true,
            "backgroundColor": 16777215,
            "backgroundColors": null,
            "backgroundColorsStr": "16777215,16777215",
            "color": 4210752,
            "fontSize": 12,
            "useAutomaticFontSize": null,
            "borderEnabled": false,
            "borderThickness": 0,
            "borderColor": 14408667,
            "backgroundAlpha": 1,
            "showValues": false,
            "compactMode": false,
            "showTimeRange": false,
            "renderIn3D": false,
            "showLegend": false,
            "legendPosition": "POSITION_BOTTOM",
            "legendColumnCount": 1,
            "startTime": 0,
            "endTime": 0,
            "minutesBeforeAnchorTime": 1440,
            "isGlobal": true,
            "propertiesMap": null,
            "dataSeriesTemplates": [
                {
                    "seriesType": "LINE",
                    "metricType": "BUSINESS_TRANSACTION",
                    "showRawMetricName": false,
                    "colorPalette": {
                        "colors": [
                            16711680
                        ]
                    },
                    "name": "Errors",
                    "metricMatchCriteriaTemplate": {
                        "entityMatchCriteria": {
                            "matchCriteriaType": "SpecificEntities",
                            "entityType": "BUSINESS_TRANSACTION",
                            "agentTypes": null,
                            "entityNames": [
                                {
                                    "applicationName": "ECommerce",
                                    "entityType": "BUSINESS_TRANSACTION",
                                    "entityName": "Homepage",
                                    "scopingEntityType": "APPLICATION_COMPONENT",
                                    "scopingEntityName": "ECommerce-Services",
                                    "subtype": "SERVLET"
                                }
                            ],
                            "summary": false
                        },
                        "metricExpressionTemplate": {
                            "metricExpressionType": "Logical",
                            "functionType": "VALUE",
                            "relativeMetricPath": "Errors per Minute"
                        },
                        "rollupMetricData": false,
                        "useActiveBaseline": false,
                        "sortResultsAscending": false,
                        "maxResults": 20,
                        "evaluationScopeType": "TIER_AVERAGE",
                        "baselineName": null,
                        "applicationName": "ECommerce",
                        "customLegendFormat": ""
                    }
                }
            ],
            "verticalAxisLabel": null,
            "hideHorizontalAxis": true,
            "horizontalAxisLabel": null,
            "axisType": "LINEAR",
            "stackMode": null,
            "showEvents": true,
            "eventFilterTemplate": null
        },
        {
            "widgetType": "GraphWidget",
            "title": "Slow, Very Slow and Stalls",
            "height": 3,
            "width": 6,
            "x": 5,
            "y": 6,
            "label": null,
            "description": null,
            "drillDownUrl": null,
            "useMetricBrowserAsDrillDown": true,
            "backgroundColor": 16777215,
            "backgroundColors": null,
            "backgroundColorsStr": "16777215,16777215",
            "color": 4210752,
            "fontSize": 12,
            "useAutomaticFontSize": null,
            "borderEnabled": false,
            "borderThickness": 0,
            "borderColor": 14408667,
            "backgroundAlpha": 1,
            "showValues": false,
            "compactMode": false,
            "showTimeRange": false,
            "renderIn3D": false,
            "showLegend": true,
            "legendPosition": "POSITION_RIGHT",
            "legendColumnCount": 1,
            "startTime": 0,
            "endTime": 0,
            "minutesBeforeAnchorTime": 1440,
            "isGlobal": true,
            "propertiesMap": null,
            "dataSeriesTemplates": [
                {
                    "seriesType": "LINE",
                    "metricType": "BUSINESS_TRANSACTION",
                    "showRawMetricName": false,
                    "colorPalette": {
                        "colors": [
                            16744448
                        ]
                    },
                    "name": "VerySlow",
                    "metricMatchCriteriaTemplate": {
                        "entityMatchCriteria": {
                            "matchCriteriaType": "SpecificEntities",
                            "entityType": "BUSINESS_TRANSACTION",
                            "agentTypes": null,
                            "entityNames": [
                                {
                                    "applicationName": "ECommerce",
                                    "entityType": "BUSINESS_TRANSACTION",
                                    "entityName": "Homepage",
                                    "scopingEntityType": "APPLICATION_COMPONENT",
                                    "scopingEntityName": "ECommerce-Services",
                                    "subtype": "SERVLET"
                                }
                            ],
                            "summary": false
                        },
                        "metricExpressionTemplate": {
                            "metricExpressionType": "Logical",
                            "functionType": "VALUE",
                            "relativeMetricPath": "Number of Very Slow Calls"
                        },
                        "rollupMetricData": false,
                        "useActiveBaseline": false,
                        "sortResultsAscending": false,
                        "maxResults": 20,
                        "evaluationScopeType": "TIER_AVERAGE",
                        "baselineName": null,
                        "applicationName": "ECommerce",
                        "customLegendFormat": ""
                    }
                },
                {
                    "seriesType": "LINE",
                    "metricType": "BUSINESS_TRANSACTION",
                    "showRawMetricName": false,
                    "colorPalette": {
                        "colors": [
                            13421568
                        ]
                    },
                    "name": "Slow",
                    "metricMatchCriteriaTemplate": {
                        "entityMatchCriteria": {
                            "matchCriteriaType": "SpecificEntities",
                            "entityType": "BUSINESS_TRANSACTION",
                            "agentTypes": null,
                            "entityNames": [
                                {
                                    "applicationName": "ECommerce",
                                    "entityType": "BUSINESS_TRANSACTION",
                                    "entityName": "Homepage",
                                    "scopingEntityType": "APPLICATION_COMPONENT",
                                    "scopingEntityName": "ECommerce-Services",
                                    "subtype": "SERVLET"
                                }
                            ],
                            "summary": false
                        },
                        "metricExpressionTemplate": {
                            "metricExpressionType": "Logical",
                            "functionType": "VALUE",
                            "relativeMetricPath": "Number of Slow Calls"
                        },
                        "rollupMetricData": false,
                        "useActiveBaseline": false,
                        "sortResultsAscending": false,
                        "maxResults": 20,
                        "evaluationScopeType": "TIER_AVERAGE",
                        "baselineName": null,
                        "applicationName": "ECommerce",
                        "customLegendFormat": ""
                    }
                },
                {
                    "seriesType": "LINE",
                    "metricType": "BUSINESS_TRANSACTION",
                    "showRawMetricName": false,
                    "colorPalette": {
                        "colors": [
                            16711680
                        ]
                    },
                    "name": "Stalls",
                    "metricMatchCriteriaTemplate": {
                        "entityMatchCriteria": {
                            "matchCriteriaType": "SpecificEntities",
                            "entityType": "BUSINESS_TRANSACTION",
                            "agentTypes": null,
                            "entityNames": [
                                {
                                    "applicationName": "ECommerce",
                                    "entityType": "BUSINESS_TRANSACTION",
                                    "entityName": "Homepage",
                                    "scopingEntityType": "APPLICATION_COMPONENT",
                                    "scopingEntityName": "ECommerce-Services",
                                    "subtype": "SERVLET"
                                }
                            ],
                            "summary": false
                        },
                        "metricExpressionTemplate": {
                            "metricExpressionType": "Logical",
                            "functionType": "VALUE",
                            "relativeMetricPath": "Stall Count"
                        },
                        "rollupMetricData": false,
                        "useActiveBaseline": false,
                        "sortResultsAscending": false,
                        "maxResults": 20,
                        "evaluationScopeType": "TIER_AVERAGE",
                        "baselineName": null,
                        "applicationName": "ECommerce",
                        "customLegendFormat": ""
                    }
                }
            ],
            "verticalAxisLabel": null,
            "hideHorizontalAxis": true,
            "horizontalAxisLabel": null,
            "axisType": "LINEAR",
            "stackMode": null,
            "showEvents": true,
            "eventFilterTemplate": null
        },
        {
            "widgetType": "MetricLabelWidget",
            "title": "Calls per Minute",
            "height": 1,
            "width": 2,
            "x": 4,
            "y": 0,
            "label": "${v}",
            "description": null,
            "drillDownUrl": null,
            "useMetricBrowserAsDrillDown": true,
            "backgroundColor": 16777215,
            "backgroundColors": null,
            "backgroundColorsStr": null,
            "color": 4210752,
            "fontSize": 30,
            "useAutomaticFontSize": true,
            "borderEnabled": false,
            "borderThickness": 0,
            "borderColor": 14408667,
            "backgroundAlpha": 1,
            "showValues": false,
            "compactMode": null,
            "showTimeRange": true,
            "renderIn3D": null,
            "showLegend": null,
            "legendPosition": null,
            "legendColumnCount": null,
            "startTime": 0,
            "endTime": 0,
            "minutesBeforeAnchorTime": 1440,
            "isGlobal": true,
            "propertiesMap": null,
            "dataSeriesTemplates": [
                {
                    "seriesType": null,
                    "metricType": null,
                    "showRawMetricName": null,
                    "colorPalette": null,
                    "name": "955b3264-d38e-4b94-bdfe-aee74de6e297",
                    "metricMatchCriteriaTemplate": {
                        "entityMatchCriteria": null,
                        "metricExpressionTemplate": {
                            "metricExpressionType": "Absolute",
                            "functionType": "VALUE",
                            "metricPath": "Business Transaction Performance|Business Transactions|ECommerce-Services|Homepage|Calls per Minute",
                            "scopeEntity": {
                                "applicationName": "ECommerce",
                                "entityType": "APPLICATION_COMPONENT",
                                "entityName": "ECommerce-Services",
                                "scopingEntityType": null,
                                "scopingEntityName": null,
                                "subtype": null
                            }
                        },
                        "rollupMetricData": true,
                        "useActiveBaseline": false,
                        "sortResultsAscending": null,
                        "maxResults": null,
                        "evaluationScopeType": null,
                        "baselineName": null,
                        "applicationName": "ECommerce",
                        "customLegendFormat": null
                    }
                }
            ],
            "text": null
        },
        {
            "widgetType": "MetricLabelWidget",
            "title": "Total Calls",
            "height": 1,
            "width": 2,
            "x": 4,
            "y": 2,
            "label": "${v}",
            "description": null,
            "drillDownUrl": null,
            "useMetricBrowserAsDrillDown": true,
            "backgroundColor": 16777215,
            "backgroundColors": null,
            "backgroundColorsStr": null,
            "color": 4210752,
            "fontSize": 30,
            "useAutomaticFontSize": true,
            "borderEnabled": false,
            "borderThickness": 0,
            "borderColor": 14408667,
            "backgroundAlpha": 1,
            "showValues": false,
            "compactMode": null,
            "showTimeRange": true,
            "renderIn3D": null,
            "showLegend": null,
            "legendPosition": null,
            "legendColumnCount": null,
            "startTime": 0,
            "endTime": 0,
            "minutesBeforeAnchorTime": 1440,
            "isGlobal": true,
            "propertiesMap": null,
            "dataSeriesTemplates": [
                {
                    "seriesType": null,
                    "metricType": null,
                    "showRawMetricName": null,
                    "colorPalette": null,
                    "name": "bcdbf56a-bbd4-45d5-8b0d-b7e3c953a989",
                    "metricMatchCriteriaTemplate": {
                        "entityMatchCriteria": null,
                        "metricExpressionTemplate": {
                            "metricExpressionType": "Absolute",
                            "functionType": "SUM",
                            "metricPath": "Business Transaction Performance|Business Transactions|ECommerce-Services|Homepage|Calls per Minute",
                            "scopeEntity": {
                                "applicationName": "ECommerce",
                                "entityType": "APPLICATION_COMPONENT",
                                "entityName": "ECommerce-Services",
                                "scopingEntityType": null,
                                "scopingEntityName": null,
                                "subtype": null
                            }
                        },
                        "rollupMetricData": true,
                        "useActiveBaseline": false,
                        "sortResultsAscending": null,
                        "maxResults": null,
                        "evaluationScopeType": null,
                        "baselineName": null,
                        "applicationName": "ECommerce",
                        "customLegendFormat": null
                    }
                }
            ],
            "text": null
        },
        {
            "widgetType": "MetricLabelWidget",
            "title": "Average Response Time (ms)",
            "height": 1,
            "width": 2,
            "x": 4,
            "y": 6,
            "label": "${v}",
            "description": null,
            "drillDownUrl": null,
            "useMetricBrowserAsDrillDown": true,
            "backgroundColor": 16777215,
            "backgroundColors": null,
            "backgroundColorsStr": null,
            "color": 4210752,
            "fontSize": 30,
            "useAutomaticFontSize": true,
            "borderEnabled": false,
            "borderThickness": 0,
            "borderColor": 14408667,
            "backgroundAlpha": 1,
            "showValues": false,
            "compactMode": null,
            "showTimeRange": true,
            "renderIn3D": null,
            "showLegend": null,
            "legendPosition": null,
            "legendColumnCount": null,
            "startTime": 0,
            "endTime": 0,
            "minutesBeforeAnchorTime": 1440,
            "isGlobal": true,
            "propertiesMap": null,
            "dataSeriesTemplates": [
                {
                    "seriesType": null,
                    "metricType": null,
                    "showRawMetricName": null,
                    "colorPalette": null,
                    "name": "dc7e09b9-6d29-4acb-a4a5-d55fe1aed1ec",
                    "metricMatchCriteriaTemplate": {
                        "entityMatchCriteria": null,
                        "metricExpressionTemplate": {
                            "metricExpressionType": "Absolute",
                            "functionType": "VALUE",
                            "metricPath": "Business Transaction Performance|Business Transactions|ECommerce-Services|Homepage|Average Response Time (ms)",
                            "scopeEntity": {
                                "applicationName": "ECommerce",
                                "entityType": "APPLICATION_COMPONENT",
                                "entityName": "ECommerce-Services",
                                "scopingEntityType": null,
                                "scopingEntityName": null,
                                "subtype": null
                            }
                        },
                        "rollupMetricData": true,
                        "useActiveBaseline": false,
                        "sortResultsAscending": null,
                        "maxResults": null,
                        "evaluationScopeType": null,
                        "baselineName": null,
                        "applicationName": "ECommerce",
                        "customLegendFormat": null
                    }
                }
            ],
            "text": null
        }
    ],
    "template": false,
    "warRoom": false
}