<health-rule>
    <name>{bt_name}: Health</name>
    <type>BUSINESS_TRANSACTION</type>
    <description>Average Response Time (ms) is &gt; 2 : 3 standard deviation of the default baseline and CALLS_PER_MINUTE is &gt; 50 per minute for the last 30 minutes</description>
    <enabled>true</enabled>
    <is-default>true</is-default>
    <always-enabled>true</always-enabled>
    <duration-min>30</duration-min>
    <wait-time-min>30</wait-time-min>
    <affected-entities-match-criteria>
        <affected-bt-match-criteria>
            <type>SPECIFIC</type>
            <business-transactions>
                <business-transaction application-component="{tier_name}">{bt_name}</business-transaction>
            </business-transactions>
        </affected-bt-match-criteria>
    </affected-entities-match-criteria>
    <critical-execution-criteria>
        <entity-aggregation-scope>
            <type>AGGREGATE</type>
            <value>0</value>
        </entity-aggregation-scope>
        <policy-condition>
            <type>boolean</type>
            <operator>OR</operator>
            <condition1>
                <type>leaf</type>
                <display-name>Average Response Time (ms) Baseline Condition</display-name>
                <condition-value-type>BASELINE_STANDARD_DEVIATION</condition-value-type>
                <condition-value>3.0</condition-value>
                <operator>GREATER_THAN</operator>
                <condition-expression/>
                <use-active-baseline>true</use-active-baseline>
                <trigger-on-no-data>false</trigger-on-no-data>
                <metric-expression>
                    <type>leaf</type>
                    <function-type>VALUE</function-type>
                    <value>0</value>
                    <is-literal-expression>false</is-literal-expression>
                    <display-name>null</display-name>
                    <metric-definition>
                        <type>LOGICAL_METRIC</type>
                        <logical-metric-name>Average Response Time (ms)</logical-metric-name>
                    </metric-definition>
                </metric-expression>
            </condition1>
            <condition2>
                <type>leaf</type>
                <display-name>Errors per Minute</display-name>
                <condition-value-type>BASELINE_STANDARD_DEVIATION</condition-value-type>
                <condition-value>3.0</condition-value>
                <operator>GREATER_THAN</operator>
                <condition-expression/>
                <use-active-baseline>true</use-active-baseline>
                <trigger-on-no-data>false</trigger-on-no-data>
                <metric-expression>
                    <type>leaf</type>
                    <function-type>VALUE</function-type>
                    <value>0</value>
                    <is-literal-expression>false</is-literal-expression>
                    <display-name>null</display-name>
                    <metric-definition>
                        <type>LOGICAL_METRIC</type>
                        <logical-metric-name>Errors per Minute</logical-metric-name>
                    </metric-definition>
                </metric-expression>
            </condition2>
        </policy-condition>
    </critical-execution-criteria>
    <warning-execution-criteria>
        <entity-aggregation-scope>
            <type>AGGREGATE</type>
            <value>0</value>
        </entity-aggregation-scope>
        <policy-condition>
            <type>boolean</type>
            <operator>OR</operator>
            <condition1>
                <type>leaf</type>
                <display-name>Average Response Time (ms) Baseline Condition</display-name>
                <condition-value-type>BASELINE_STANDARD_DEVIATION</condition-value-type>
                <condition-value>2.0</condition-value>
                <operator>GREATER_THAN</operator>
                <condition-expression/>
                <use-active-baseline>true</use-active-baseline>
                <trigger-on-no-data>false</trigger-on-no-data>
                <metric-expression>
                    <type>leaf</type>
                    <function-type>VALUE</function-type>
                    <value>0</value>
                    <is-literal-expression>false</is-literal-expression>
                    <display-name>null</display-name>
                    <metric-definition>
                        <type>LOGICAL_METRIC</type>
                        <logical-metric-name>Average Response Time (ms)</logical-metric-name>
                    </metric-definition>
                </metric-expression>
            </condition1>
            <condition2>
                <type>leaf</type>
                <display-name>Errors per Minute</display-name>
                <condition-value-type>BASELINE_STANDARD_DEVIATION</condition-value-type>
                <condition-value>2.0</condition-value>
                <operator>GREATER_THAN</operator>
                <condition-expression/>
                <use-active-baseline>true</use-active-baseline>
                <trigger-on-no-data>false</trigger-on-no-data>
                <metric-expression>
                    <type>leaf</type>
                    <function-type>VALUE</function-type>
                    <value>0</value>
                    <is-literal-expression>false</is-literal-expression>
                    <display-name>null</display-name>
                    <metric-definition>
                        <type>LOGICAL_METRIC</type>
                        <logical-metric-name>Errors per Minute</logical-metric-name>
                    </metric-definition>
                </metric-expression>
            </condition2>
        </policy-condition>
    </warning-execution-criteria>
</health-rule>
