{
    "schemaVersion": null,
    "dashboardFormatVersion": "3.0",
    "name": "{app_name} - BTList",
    "description": null,
    "properties": null,
    "templateEntityType": "APPLICATION_COMPONENT_NODE",
    "associatedEntityTemplates": null,
    "minutesBeforeAnchorTime": 60,
    "startDate": null,
    "endDate": null,
    "refreshInterval": 120000,
    "backgroundColor": "{form_backgound}",
    "color": 15395562,
    "height": "{dashboard_height}",
    "width": 1570,
    "canvasType": "CANVAS_TYPE_ABSOLUTE",
    "layoutType": "",
    "widgetTemplates": null,
    "template": false,
    "warRoom": false
}