[
    {
        "widgetType": "ImageWidget",
        "title": null,
        "height": 196,
        "width": 375,
        "x": 25,
        "y": "{box_y}",
        "label": null,
        "description": null,
        "drillDownUrl": null,
        "useMetricBrowserAsDrillDown": true,
        "backgroundColor": 16777215,
        "backgroundColors": null,
        "backgroundColorsStr": "16777215,16777215",
        "color": 4210752,
        "fontSize": 12,
        "useAutomaticFontSize": false,
        "borderEnabled": false,
        "borderThickness": 0,
        "borderColor": 14408667,
        "backgroundAlpha": 0,
        "showValues": false,
        "compactMode": false,
        "showTimeRange": false,
        "renderIn3D": false,
        "showLegend": null,
        "legendPosition": null,
        "legendColumnCount": null,
        "startTime": null,
        "endTime": null,
        "minutesBeforeAnchorTime": 15,
        "isGlobal": true,
        "propertiesMap": null,
        "dataSeriesTemplates": null,
        "imageURL": "{boxImage_url}"
    },
    {
        "widgetType": "TextWidget",
        "title": null,
        "height": 36,
        "width": 357,
        "x": 34,
        "y": "{box_y}",
        "label": null,
        "description": null,
        "drillDownUrl": null,
        "useMetricBrowserAsDrillDown": false,
        "backgroundColor": 16777215,
        "backgroundColors": null,
        "backgroundColorsStr": "16777215,16777215",
        "color": "{text_color1}",
        "fontSize": 20,
        "useAutomaticFontSize": false,
        "borderEnabled": false,
        "borderThickness": 0,
        "borderColor": 14408667,
        "backgroundAlpha": 0,
        "showValues": false,
        "compactMode": false,
        "showTimeRange": false,
        "renderIn3D": false,
        "showLegend": null,
        "legendPosition": null,
        "legendColumnCount": null,
        "startTime": null,
        "endTime": null,
        "minutesBeforeAnchorTime": 15,
        "isGlobal": true,
        "propertiesMap": null,
        "dataSeriesTemplates": null,
        "text": "{bt_name}"
    },
    {
        "widgetType": "StatusLightWidget",
        "title": null,
        "height": 42,
        "width": 42,
        "x": 154,
        "y": "{statusLight1_y}",
        "label": null,
        "description": null,
        "drillDownUrl": "{controller_url}/controller/#/location=APP_BT_DETAIL&application={app_id}&businessTransaction={bt_id}&dashboardMode=force",
        "useMetricBrowserAsDrillDown": false,
        "backgroundColor": 16777215,
        "backgroundColors": null,
        "backgroundColorsStr": "16777215,16777215",
        "color": 4210752,
        "fontSize": 12,
        "useAutomaticFontSize": false,
        "borderEnabled": false,
        "borderThickness": 0,
        "borderColor": 14408667,
        "backgroundAlpha": 0,
        "showValues": false,
        "compactMode": false,
        "showTimeRange": false,
        "renderIn3D": false,
        "showLegend": null,
        "legendPosition": null,
        "legendColumnCount": null,
        "startTime": null,
        "endTime": null,
        "minutesBeforeAnchorTime": 15,
        "isGlobal": true,
        "propertiesMap": null,
        "dataSeriesTemplates": null,
        "healthRule": {
            "applicationName": "{app_name}",
            "entityType": "POLICY",
            "entityName": "{bt_name}: Response Time Health",
            "scopingEntityType": null,
            "scopingEntityName": null,
            "subtype": null
        }
    },
    {
        "widgetType": "StatusLightWidget",
        "title": null,
        "height": 42,
        "width": 42,
        "x": 154,
        "y": "{statusLight2_y}",
        "label": null,
        "description": null,
        "drillDownUrl": "{controller_url}/controller/#/location=APP_BT_DETAIL&application={app_id}&businessTransaction={bt_id}&dashboardMode=force",
        "useMetricBrowserAsDrillDown": false,
        "backgroundColor": 16777215,
        "backgroundColors": null,
        "backgroundColorsStr": "16777215,16777215",
        "color": 4210752,
        "fontSize": 12,
        "useAutomaticFontSize": false,
        "borderEnabled": false,
        "borderThickness": 0,
        "borderColor": 14408667,
        "backgroundAlpha": 0,
        "showValues": false,
        "compactMode": false,
        "showTimeRange": false,
        "renderIn3D": false,
        "showLegend": null,
        "legendPosition": null,
        "legendColumnCount": null,
        "startTime": null,
        "endTime": null,
        "minutesBeforeAnchorTime": 15,
        "isGlobal": true,
        "propertiesMap": null,
        "dataSeriesTemplates": null,
        "healthRule": {
            "applicationName": "{app_name}",
            "entityType": "POLICY",
            "entityName": "{bt_name}: Error Rate Health",
            "scopingEntityType": null,
            "scopingEntityName": null,
            "subtype": null
        }
    },
    {
        "widgetType": "TextWidget",
        "title": null,
        "height": 42,
        "width": 116,
        "x": 30,
        "y": "{statusLight1_y}",
        "label": null,
        "description": null,
        "drillDownUrl": null,
        "useMetricBrowserAsDrillDown": false,
        "backgroundColor": 16777215,
        "backgroundColors": null,
        "backgroundColorsStr": "16777215,16777215",
        "color": "{text_color2}",
        "fontSize": 15,
        "useAutomaticFontSize": false,
        "borderEnabled": false,
        "borderThickness": 0,
        "borderColor": 14408667,
        "backgroundAlpha": 0,
        "showValues": false,
        "compactMode": false,
        "showTimeRange": false,
        "renderIn3D": false,
        "showLegend": null,
        "legendPosition": null,
        "legendColumnCount": null,
        "startTime": null,
        "endTime": null,
        "minutesBeforeAnchorTime": 15,
        "isGlobal": true,
        "propertiesMap": null,
        "dataSeriesTemplates": null,
        "text": "<p align=\"right\">Ave. Resp. Time</p>"
    },
    {
        "widgetType": "TextWidget",
        "title": null,
        "height": 42,
        "width": 116,
        "x": 30,
        "y": "{statusLight2_y}",
        "label": null,
        "description": null,
        "drillDownUrl": null,
        "useMetricBrowserAsDrillDown": false,
        "backgroundColor": 16777215,
        "backgroundColors": null,
        "backgroundColorsStr": "16777215,16777215",
        "color": "{text_color2}",
        "fontSize": 15,
        "useAutomaticFontSize": false,
        "borderEnabled": false,
        "borderThickness": 0,
        "borderColor": 14408667,
        "backgroundAlpha": 0,
        "showValues": false,
        "compactMode": false,
        "showTimeRange": false,
        "renderIn3D": false,
        "showLegend": null,
        "legendPosition": null,
        "legendColumnCount": null,
        "startTime": null,
        "endTime": null,
        "minutesBeforeAnchorTime": 15,
        "isGlobal": true,
        "propertiesMap": null,
        "dataSeriesTemplates": null,
        "text": "<p align=\"right\">Error Rate</p>"
    }, 
    {
        "widgetType": "ImageWidget",
        "title": null,
        "height": 196,
        "width": 375,
        "x": 405,
        "y": "{box_y}",
        "label": null,
        "description": null,
        "drillDownUrl": null,
        "useMetricBrowserAsDrillDown": true,
        "backgroundColor": 16777215,
        "backgroundColors": null,
        "backgroundColorsStr": "16777215,16777215",
        "color": 4210752,
        "fontSize": 12,
        "useAutomaticFontSize": false,
        "borderEnabled": false,
        "borderThickness": 0,
        "borderColor": 14408667,
        "backgroundAlpha": 0,
        "showValues": false,
        "compactMode": false,
        "showTimeRange": false,
        "renderIn3D": false,
        "showLegend": null,
        "legendPosition": null,
        "legendColumnCount": null,
        "startTime": null,
        "endTime": null,
        "minutesBeforeAnchorTime": 15,
        "isGlobal": true,
        "propertiesMap": null,
        "dataSeriesTemplates": null,
        "imageURL": "{boxImage_url}"
    },
    {
        "widgetType": "TextWidget",
        "title": null,
        "height": 28,
        "width": 290,
        "x": 414,
        "y": "{boxLabel_y}",
        "label": null,
        "description": null,
        "drillDownUrl": null,
        "useMetricBrowserAsDrillDown": false,
        "backgroundColor": 16777215,
        "backgroundColors": null,
        "backgroundColorsStr": "16777215,16777215",
        "color": "{text_color1}",
        "fontSize": 14,
        "useAutomaticFontSize": false,
        "borderEnabled": false,
        "borderThickness": 0,
        "borderColor": 14408667,
        "backgroundAlpha": 0,
        "showValues": false,
        "compactMode": false,
        "showTimeRange": false,
        "renderIn3D": false,
        "showLegend": null,
        "legendPosition": null,
        "legendColumnCount": null,
        "startTime": null,
        "endTime": null,
        "minutesBeforeAnchorTime": 15,
        "isGlobal": true,
        "propertiesMap": null,
        "dataSeriesTemplates": null,
        "text": "Calls and Errors per Minute"
    },
    {
        "widgetType": "GraphWidget",
        "title": null,
        "height": 161,
        "width": 357,
        "x": 414,
        "y": "{chart_y}",
        "label": null,
        "description": null,
        "drillDownUrl": null,
        "useMetricBrowserAsDrillDown": true,
        "backgroundColor": 16777215,
        "backgroundColors": null,
        "backgroundColorsStr": "{boxBackground_color},{boxBackground_color}",
        "color": "{text_color1}",
        "fontSize": 12,
        "useAutomaticFontSize": false,
        "borderEnabled": false,
        "borderThickness": 0,
        "borderColor": 14408667,
        "backgroundAlpha": 0,
        "showValues": false,
        "compactMode": false,
        "showTimeRange": false,
        "renderIn3D": false,
        "showLegend": false,
        "legendPosition": "POSITION_BOTTOM",
        "legendColumnCount": 1,
        "startTime": null,
        "endTime": null,
        "minutesBeforeAnchorTime": 15,
        "isGlobal": true,
        "propertiesMap": null,
        "dataSeriesTemplates": [
            {
                "seriesType": "AREA",
                "metricType": "BUSINESS_TRANSACTION",
                "showRawMetricName": false,
                "colorPalette": {
                    "colors": [
                        3315437
                    ]
                },
                "name": "Series 1",
                "metricMatchCriteriaTemplate": {
                    "entityMatchCriteria": {
                        "matchCriteriaType": "SpecificEntities",
                        "entityType": "BUSINESS_TRANSACTION",
                        "agentTypes": null,
                        "entityNames": [
                            {
                                "applicationName": "{app_name}",
                                "entityType": "BUSINESS_TRANSACTION",
                                "entityName": "{bt_name}",
                                "scopingEntityType": "APPLICATION_COMPONENT",
                                "scopingEntityName": "{tier_name}",
                                "subtype": "{bt_type}"
                            }
                        ],
                        "summary": false
                    },
                    "metricExpressionTemplate": {
                        "metricExpressionType": "Logical",
                        "functionType": "VALUE",
                        "displayName": "null",
                        "relativeMetricPath": "Calls per Minute"
                    },
                    "rollupMetricData": false,
                    "expressionString": null,
                    "useActiveBaseline": false,
                    "sortResultsAscending": false,
                    "maxResults": 20,
                    "evaluationScopeType": "TIER_AVERAGE",
                    "baselineName": null,
                    "applicationName": "{app_name}",
                    "metricDisplayNameStyle": "DISPLAY_STYLE_AUTO",
                    "metricDisplayNameCustomFormat": null
                },
                "axisPosition": "LEFT"
            },
            {
                "seriesType": "AREA",
                "metricType": "BUSINESS_TRANSACTION",
                "showRawMetricName": false,
                "colorPalette": {
                    "colors": [
                        16727121
                    ]
                },
                "name": "Series 2",
                "metricMatchCriteriaTemplate": {
                    "entityMatchCriteria": {
                        "matchCriteriaType": "SpecificEntities",
                        "entityType": "BUSINESS_TRANSACTION",
                        "agentTypes": null,
                        "entityNames": [
                            {
                                "applicationName": "{app_name}",
                                "entityType": "BUSINESS_TRANSACTION",
                                "entityName": "{bt_name}",
                                "scopingEntityType": "APPLICATION_COMPONENT",
                                "scopingEntityName": "{tier_name}",
                                "subtype": "{bt_type}"
                            }
                        ],
                        "summary": false
                    },
                    "metricExpressionTemplate": {
                        "metricExpressionType": "Logical",
                        "functionType": "VALUE",
                        "displayName": "null",
                        "relativeMetricPath": "Errors per Minute"
                    },
                    "rollupMetricData": false,
                    "expressionString": null,
                    "useActiveBaseline": false,
                    "sortResultsAscending": false,
                    "maxResults": 20,
                    "evaluationScopeType": "TIER_AVERAGE",
                    "baselineName": null,
                    "applicationName": "{app_name}",
                    "metricDisplayNameStyle": "DISPLAY_STYLE_AUTO",
                    "metricDisplayNameCustomFormat": null
                },
                "axisPosition": null
            }
        ],
        "verticalAxisLabel": null,
        "hideHorizontalAxis": null,
        "horizontalAxisLabel": null,
        "axisType": "LINEAR",
        "stackMode": null,
        "multipleYAxis": null,
        "showEvents": null,
        "interpolateDataGaps": false,
        "staticThresholdList": [],
        "eventFilterTemplate": null
    },
    {
        "widgetType": "ImageWidget",
        "title": null,
        "height": 196,
        "width": 375,
        "x": 785,
        "y": "{box_y}",
        "label": null,
        "description": null,
        "drillDownUrl": null,
        "useMetricBrowserAsDrillDown": true,
        "backgroundColor": 16777215,
        "backgroundColors": null,
        "backgroundColorsStr": "16777215,16777215",
        "color": 4210752,
        "fontSize": 12,
        "useAutomaticFontSize": false,
        "borderEnabled": false,
        "borderThickness": 0,
        "borderColor": 14408667,
        "backgroundAlpha": 0,
        "showValues": false,
        "compactMode": false,
        "showTimeRange": false,
        "renderIn3D": false,
        "showLegend": null,
        "legendPosition": null,
        "legendColumnCount": null,
        "startTime": null,
        "endTime": null,
        "minutesBeforeAnchorTime": 15,
        "isGlobal": true,
        "propertiesMap": null,
        "dataSeriesTemplates": null,
        "imageURL": "{boxImage_url}"
    },
    {
        "widgetType": "TextWidget",
        "title": null,
        "height": 28,
        "width": 290,
        "x": 794,
        "y": "{boxLabel_y}",
        "label": null,
        "description": null,
        "drillDownUrl": null,
        "useMetricBrowserAsDrillDown": false,
        "backgroundColor": 16777215,
        "backgroundColors": null,
        "backgroundColorsStr": "16777215,16777215",
        "color": "{text_color1}",
        "fontSize": 14,
        "useAutomaticFontSize": false,
        "borderEnabled": false,
        "borderThickness": 0,
        "borderColor": 14408667,
        "backgroundAlpha": 0,
        "showValues": false,
        "compactMode": false,
        "showTimeRange": false,
        "renderIn3D": false,
        "showLegend": null,
        "legendPosition": null,
        "legendColumnCount": null,
        "startTime": null,
        "endTime": null,
        "minutesBeforeAnchorTime": 15,
        "isGlobal": true,
        "propertiesMap": null,
        "dataSeriesTemplates": null,
        "text": "Average Response Time"
    },
    {
        "widgetType": "GraphWidget",
        "title": null,
        "height": 161,
        "width": 357,
        "x": 794,
        "y": "{chart_y}",
        "label": null,
        "description": null,
        "drillDownUrl": null,
        "useMetricBrowserAsDrillDown": true,
        "backgroundColor": 16777215,
        "backgroundColors": null,
        "backgroundColorsStr": "{boxBackground_color},{boxBackground_color}",
        "color": "{text_color1}",
        "fontSize": 12,
        "useAutomaticFontSize": false,
        "borderEnabled": false,
        "borderThickness": 0,
        "borderColor": 14408667,
        "backgroundAlpha": 0,
        "showValues": false,
        "compactMode": false,
        "showTimeRange": false,
        "renderIn3D": false,
        "showLegend": false,
        "legendPosition": "POSITION_BOTTOM",
        "legendColumnCount": 1,
        "startTime": null,
        "endTime": null,
        "minutesBeforeAnchorTime": 15,
        "isGlobal": true,
        "propertiesMap": null,
        "dataSeriesTemplates": [
            {
                "seriesType": "AREA",
                "metricType": "BUSINESS_TRANSACTION",
                "showRawMetricName": false,
                "colorPalette": {
                    "colors": [
                        3315437
                    ]
                },
                "name": "Series 1",
                "metricMatchCriteriaTemplate": {
                    "entityMatchCriteria": {
                        "matchCriteriaType": "SpecificEntities",
                        "entityType": "BUSINESS_TRANSACTION",
                        "agentTypes": null,
                        "entityNames": [
                            {
                                "applicationName": "{app_name}",
                                "entityType": "BUSINESS_TRANSACTION",
                                "entityName": "{bt_name}",
                                "scopingEntityType": "APPLICATION_COMPONENT",
                                "scopingEntityName": "{tier_name}",
                                "subtype": "{bt_type}"
                            }
                        ],
                        "summary": false
                    },
                    "metricExpressionTemplate": {
                        "metricExpressionType": "Logical",
                        "functionType": "VALUE",
                        "displayName": "null",
                        "relativeMetricPath": "Average Response Time (ms)"
                    },
                    "rollupMetricData": false,
                    "expressionString": null,
                    "useActiveBaseline": true,
                    "sortResultsAscending": false,
                    "maxResults": 20,
                    "evaluationScopeType": "TIER_AVERAGE",
                    "baselineName": null,
                    "applicationName": "{app_name}",
                    "metricDisplayNameStyle": "DISPLAY_STYLE_AUTO",
                    "metricDisplayNameCustomFormat": null
                },
                "axisPosition": "LEFT"
            }
        ],
        "verticalAxisLabel": null,
        "hideHorizontalAxis": null,
        "horizontalAxisLabel": null,
        "axisType": "LINEAR",
        "stackMode": null,
        "multipleYAxis": null,
        "showEvents": null,
        "interpolateDataGaps": false,
        "staticThresholdList": [],
        "eventFilterTemplate": null
    },
    {
        "widgetType": "ImageWidget",
        "title": null,
        "height": 196,
        "width": 375,
        "x": 1165,
        "y": "{box_y}",
        "label": null,
        "description": null,
        "drillDownUrl": null,
        "useMetricBrowserAsDrillDown": true,
        "backgroundColor": 16777215,
        "backgroundColors": null,
        "backgroundColorsStr": "16777215,16777215",
        "color": 4210752,
        "fontSize": 12,
        "useAutomaticFontSize": false,
        "borderEnabled": false,
        "borderThickness": 0,
        "borderColor": 14408667,
        "backgroundAlpha": 0,
        "showValues": false,
        "compactMode": false,
        "showTimeRange": false,
        "renderIn3D": false,
        "showLegend": null,
        "legendPosition": null,
        "legendColumnCount": null,
        "startTime": null,
        "endTime": null,
        "minutesBeforeAnchorTime": 15,
        "isGlobal": true,
        "propertiesMap": null,
        "dataSeriesTemplates": null,
        "imageURL": "{boxImage_url}"
    },
    {
        "widgetType": "MetricLabelWidget",
        "title": "",
        "height": 16,
        "width": 198,
        "x": 200,
        "y": "{box1_label1_y}",
        "label": "Total Calls: ${v}",
        "description": null,
        "drillDownUrl": null,
        "useMetricBrowserAsDrillDown": true,
        "backgroundColor": 16777215,
        "backgroundColors": null,
        "backgroundColorsStr": "16777215,16777215",
        "color": "{text_color1}",
        "fontSize": 14,
        "useAutomaticFontSize": false,
        "borderEnabled": false,
        "borderThickness": 0,
        "borderColor": 14408667,
        "backgroundAlpha": 0,
        "showValues": false,
        "compactMode": false,
        "showTimeRange": false,
        "renderIn3D": false,
        "showLegend": null,
        "legendPosition": null,
        "legendColumnCount": null,
        "startTime": null,
        "endTime": null,
        "minutesBeforeAnchorTime": 15,
        "isGlobal": true,
        "propertiesMap": null,
        "dataSeriesTemplates": [
            {
                "seriesType": null,
                "metricType": null,
                "showRawMetricName": null,
                "colorPalette": null,
                "name": "metric label criteria",
                "metricMatchCriteriaTemplate": {
                    "entityMatchCriteria": null,
                    "metricExpressionTemplate": {
                        "metricExpressionType": "Absolute",
                        "functionType": "SUM",
                        "displayName": "Business Transaction Performance|Business Transactions|{tier_name}|{bt_name}|Calls per Minute",
                        "metricPath": "Business Transaction Performance|Business Transactions|{tier_name}|{bt_name}|Calls per Minute",
                        "scopeEntity": {
                            "applicationName": "{app_name}",
                            "entityType": "APPLICATION_COMPONENT",
                            "entityName": "{tier_name}",
                            "scopingEntityType": null,
                            "scopingEntityName": null,
                            "subtype": null
                        }
                    },
                    "rollupMetricData": true,
                    "expressionString": null,
                    "useActiveBaseline": false,
                    "sortResultsAscending": null,
                    "maxResults": null,
                    "evaluationScopeType": null,
                    "baselineName": null,
                    "applicationName": "{app_name}",
                    "metricDisplayNameStyle": "DISPLAY_STYLE_AUTO",
                    "metricDisplayNameCustomFormat": null
                },
                "axisPosition": null
            }
        ],
        "text": null
    },
    {
        "widgetType": "TextWidget",
        "title": null,
        "height": 20,
        "width": 157,
        "x": 243,
        "y": "{box1_label2_y}",
        "label": null,
        "description": null,
        "drillDownUrl": null,
        "useMetricBrowserAsDrillDown": false,
        "backgroundColor": 16777215,
        "backgroundColors": null,
        "backgroundColorsStr": "16777215,16777215",
        "color": "{text_color1}",
        "fontSize": 14,
        "useAutomaticFontSize": false,
        "borderEnabled": false,
        "borderThickness": 0,
        "borderColor": 14408667,
        "backgroundAlpha": 0,
        "showValues": false,
        "compactMode": false,
        "showTimeRange": false,
        "renderIn3D": false,
        "showLegend": null,
        "legendPosition": null,
        "legendColumnCount": null,
        "startTime": null,
        "endTime": null,
        "minutesBeforeAnchorTime": 15,
        "isGlobal": true,
        "propertiesMap": null,
        "dataSeriesTemplates": null,
        "text": "<p align=\"center\">Response Times</p>"
    },
    {
        "widgetType": "TextWidget",
        "title": null,
        "height": 1,
        "width": 150,
        "x": 240,
        "y": "{box1_line_y}",
        "label": null,
        "description": null,
        "drillDownUrl": null,
        "useMetricBrowserAsDrillDown": false,
        "backgroundColor": 16777215,
        "backgroundColors": null,
        "backgroundColorsStr": "16777215,16777215",
        "color": 4210752,
        "fontSize": 12,
        "useAutomaticFontSize": false,
        "borderEnabled": true,
        "borderThickness": 1,
        "borderColor": 14408667,
        "backgroundAlpha": 1,
        "showValues": false,
        "compactMode": false,
        "showTimeRange": false,
        "renderIn3D": false,
        "showLegend": null,
        "legendPosition": null,
        "legendColumnCount": null,
        "startTime": null,
        "endTime": null,
        "minutesBeforeAnchorTime": 15,
        "isGlobal": true,
        "propertiesMap": null,
        "dataSeriesTemplates": null,
        "text": ""
    },
    {
        "widgetType": "MetricLabelWidget",
        "title": "",
        "height": 16,
        "width": 210,
        "x": 190,
        "y": "{box1_label3_y}",
        "label": "95th %: ${v} ms",
        "description": null,
        "drillDownUrl": null,
        "useMetricBrowserAsDrillDown": true,
        "backgroundColor": 16777215,
        "backgroundColors": null,
        "backgroundColorsStr": "16777215,16777215",
        "color": "{text_color1}",
        "fontSize": 14,
        "useAutomaticFontSize": false,
        "borderEnabled": false,
        "borderThickness": 0,
        "borderColor": 14408667,
        "backgroundAlpha": 0,
        "showValues": false,
        "compactMode": false,
        "showTimeRange": false,
        "renderIn3D": false,
        "showLegend": null,
        "legendPosition": null,
        "legendColumnCount": null,
        "startTime": null,
        "endTime": null,
        "minutesBeforeAnchorTime": 15,
        "isGlobal": true,
        "propertiesMap": null,
        "dataSeriesTemplates": [
            {
                "seriesType": null,
                "metricType": null,
                "showRawMetricName": null,
                "colorPalette": null,
                "name": "metric label criteria",
                "metricMatchCriteriaTemplate": {
                    "entityMatchCriteria": null,
                    "metricExpressionTemplate": {
                        "metricExpressionType": "Absolute",
                        "functionType": "VALUE",
                        "displayName": "Business Transaction Performance|Business Transactions|{tier_name}|{bt_name}|95th Percentile Response Time (ms)",
                        "metricPath": "Business Transaction Performance|Business Transactions|{tier_name}|{bt_name}|95th Percentile Response Time (ms)",
                        "scopeEntity": {
                            "applicationName": "{app_name}",
                            "entityType": "APPLICATION_COMPONENT",
                            "entityName": "{tier_name}",
                            "scopingEntityType": null,
                            "scopingEntityName": null,
                            "subtype": null
                        }
                    },
                    "rollupMetricData": true,
                    "expressionString": null,
                    "useActiveBaseline": false,
                    "sortResultsAscending": null,
                    "maxResults": null,
                    "evaluationScopeType": null,
                    "baselineName": null,
                    "applicationName": "{app_name}",
                    "metricDisplayNameStyle": "DISPLAY_STYLE_AUTO",
                    "metricDisplayNameCustomFormat": null
                },
                "axisPosition": null
            }
        ],
        "text": null
    },
    {
        "widgetType": "MetricLabelWidget",
        "title": "",
        "height": 16,
        "width": 210,
        "x": 190,
        "y": "{box1_label4_y}",
        "label": "Average: ${v} ms",
        "description": null,
        "drillDownUrl": null,
        "useMetricBrowserAsDrillDown": true,
        "backgroundColor": 16777215,
        "backgroundColors": null,
        "backgroundColorsStr": "16777215,16777215",
        "color": "{text_color1}",
        "fontSize": 14,
        "useAutomaticFontSize": false,
        "borderEnabled": false,
        "borderThickness": 0,
        "borderColor": 14408667,
        "backgroundAlpha": 0,
        "showValues": false,
        "compactMode": false,
        "showTimeRange": false,
        "renderIn3D": false,
        "showLegend": null,
        "legendPosition": null,
        "legendColumnCount": null,
        "startTime": null,
        "endTime": null,
        "minutesBeforeAnchorTime": 15,
        "isGlobal": true,
        "propertiesMap": null,
        "dataSeriesTemplates": [
            {
                "seriesType": null,
                "metricType": null,
                "showRawMetricName": null,
                "colorPalette": null,
                "name": "metric label criteria",
                "metricMatchCriteriaTemplate": {
                    "entityMatchCriteria": null,
                    "metricExpressionTemplate": {
                        "metricExpressionType": "Absolute",
                        "functionType": "VALUE",
                        "displayName": "Business Transaction Performance|Business Transactions|{tier_name}|{bt_name}|Average Response Time (ms)",
                        "metricPath": "Business Transaction Performance|Business Transactions|{tier_name}|{bt_name}|Average Response Time (ms)",
                        "scopeEntity": {
                            "applicationName": "{app_name}",
                            "entityType": "APPLICATION_COMPONENT",
                            "entityName": "{tier_name}",
                            "scopingEntityType": null,
                            "scopingEntityName": null,
                            "subtype": null
                        }
                    },
                    "rollupMetricData": true,
                    "expressionString": null,
                    "useActiveBaseline": false,
                    "sortResultsAscending": null,
                    "maxResults": null,
                    "evaluationScopeType": null,
                    "baselineName": null,
                    "applicationName": "{app_name}",
                    "metricDisplayNameStyle": "DISPLAY_STYLE_AUTO",
                    "metricDisplayNameCustomFormat": null
                },
                "axisPosition": null
            }
        ],
        "text": null
    },
    {
        "widgetType": "MetricLabelWidget",
        "title": "",
        "height": 16,
        "width": 210,
        "x": 190,
        "y": "{box1_label5_y}",
        "label": "Max: ${v} ms",
        "description": null,
        "drillDownUrl": null,
        "useMetricBrowserAsDrillDown": true,
        "backgroundColor": 16777215,
        "backgroundColors": null,
        "backgroundColorsStr": "16777215,16777215",
        "color": "{text_color1}",
        "fontSize": 14,
        "useAutomaticFontSize": false,
        "borderEnabled": false,
        "borderThickness": 0,
        "borderColor": 14408667,
        "backgroundAlpha": 0,
        "showValues": false,
        "compactMode": false,
        "showTimeRange": false,
        "renderIn3D": false,
        "showLegend": null,
        "legendPosition": null,
        "legendColumnCount": null,
        "startTime": null,
        "endTime": null,
        "minutesBeforeAnchorTime": 15,
        "isGlobal": true,
        "propertiesMap": null,
        "dataSeriesTemplates": [
            {
                "seriesType": null,
                "metricType": null,
                "showRawMetricName": null,
                "colorPalette": null,
                "name": "metric label criteria",
                "metricMatchCriteriaTemplate": {
                    "entityMatchCriteria": null,
                    "metricExpressionTemplate": {
                        "metricExpressionType": "Absolute",
                        "functionType": "MAX",
                        "displayName": "Business Transaction Performance|Business Transactions|{tier_name}|{bt_name}|Average Response Time (ms)",
                        "metricPath": "Business Transaction Performance|Business Transactions|{tier_name}|{bt_name}|Average Response Time (ms)",
                        "scopeEntity": {
                            "applicationName": "{app_name}",
                            "entityType": "APPLICATION_COMPONENT",
                            "entityName": "{tier_name}",
                            "scopingEntityType": null,
                            "scopingEntityName": null,
                            "subtype": null
                        }
                    },
                    "rollupMetricData": true,
                    "expressionString": null,
                    "useActiveBaseline": false,
                    "sortResultsAscending": null,
                    "maxResults": null,
                    "evaluationScopeType": null,
                    "baselineName": null,
                    "applicationName": "{app_name}",
                    "metricDisplayNameStyle": "DISPLAY_STYLE_AUTO",
                    "metricDisplayNameCustomFormat": null
                },
                "axisPosition": null
            }
        ],
        "text": null
    },
    {
        "widgetType": "MetricLabelWidget",
        "title": "",
        "height": 16,
        "width": 190,
        "x": 1330,
        "y": "{box4_label1_y}",
        "label": "Normal Calls: ${v}",
        "description": null,
        "drillDownUrl": null,
        "useMetricBrowserAsDrillDown": true,
        "backgroundColor": 16777215,
        "backgroundColors": null,
        "backgroundColorsStr": "16777215,16777215",
        "color": "{text_color1}",
        "fontSize": 14,
        "useAutomaticFontSize": false,
        "borderEnabled": false,
        "borderThickness": 0,
        "borderColor": 14408667,
        "backgroundAlpha": 0,
        "showValues": false,
        "compactMode": false,
        "showTimeRange": false,
        "renderIn3D": false,
        "showLegend": null,
        "legendPosition": null,
        "legendColumnCount": null,
        "startTime": null,
        "endTime": null,
        "minutesBeforeAnchorTime": 15,
        "isGlobal": true,
        "propertiesMap": null,
        "dataSeriesTemplates": [
            {
                "seriesType": null,
                "metricType": null,
                "showRawMetricName": null,
                "colorPalette": null,
                "name": "metric label criteria",
                "metricMatchCriteriaTemplate": {
                    "entityMatchCriteria": null,
                    "metricExpressionTemplate": {
                        "metricExpressionType": "Absolute",
                        "functionType": "COUNT",
                        "displayName": "Business Transaction Performance|Business Transactions|{tier_name}|{bt_name}|Normal Average Response Time (ms)",
                        "metricPath": "Business Transaction Performance|Business Transactions|{tier_name}|{bt_name}|Normal Average Response Time (ms)",
                        "scopeEntity": {
                            "applicationName": "{app_name}",
                            "entityType": "APPLICATION_COMPONENT",
                            "entityName": "{tier_name}",
                            "scopingEntityType": null,
                            "scopingEntityName": null,
                            "subtype": null
                        }
                    },
                    "rollupMetricData": true,
                    "expressionString": null,
                    "useActiveBaseline": false,
                    "sortResultsAscending": null,
                    "maxResults": null,
                    "evaluationScopeType": null,
                    "baselineName": null,
                    "applicationName": "{app_name}",
                    "metricDisplayNameStyle": "DISPLAY_STYLE_AUTO",
                    "metricDisplayNameCustomFormat": null
                },
                "axisPosition": null
            }
        ],
        "text": null
    },
    {
        "widgetType": "MetricLabelWidget",
        "title": "",
        "height": 16,
        "width": 190,
        "x": 1330,
        "y": "{box4_label2_y}",
        "label": "Slow Calls: ${v}",
        "description": null,
        "drillDownUrl": null,
        "useMetricBrowserAsDrillDown": true,
        "backgroundColor": 16777215,
        "backgroundColors": null,
        "backgroundColorsStr": "16777215,16777215",
        "color": "{text_color1}",
        "fontSize": 14,
        "useAutomaticFontSize": false,
        "borderEnabled": false,
        "borderThickness": 0,
        "borderColor": 14408667,
        "backgroundAlpha": 0,
        "showValues": false,
        "compactMode": false,
        "showTimeRange": false,
        "renderIn3D": false,
        "showLegend": null,
        "legendPosition": null,
        "legendColumnCount": null,
        "startTime": null,
        "endTime": null,
        "minutesBeforeAnchorTime": 15,
        "isGlobal": true,
        "propertiesMap": null,
        "dataSeriesTemplates": [
            {
                "seriesType": null,
                "metricType": null,
                "showRawMetricName": null,
                "colorPalette": null,
                "name": "metric label criteria",
                "metricMatchCriteriaTemplate": {
                    "entityMatchCriteria": null,
                    "metricExpressionTemplate": {
                        "metricExpressionType": "Absolute",
                        "functionType": "VALUE",
                        "displayName": "Business Transaction Performance|Business Transactions|{tier_name}|{bt_name}|Number of Slow Calls",
                        "metricPath": "Business Transaction Performance|Business Transactions|{tier_name}|{bt_name}|Number of Slow Calls",
                        "scopeEntity": {
                            "applicationName": "{app_name}",
                            "entityType": "APPLICATION_COMPONENT",
                            "entityName": "{tier_name}",
                            "scopingEntityType": null,
                            "scopingEntityName": null,
                            "subtype": null
                        }
                    },
                    "rollupMetricData": true,
                    "expressionString": null,
                    "useActiveBaseline": false,
                    "sortResultsAscending": null,
                    "maxResults": null,
                    "evaluationScopeType": null,
                    "baselineName": null,
                    "applicationName": "{app_name}",
                    "metricDisplayNameStyle": "DISPLAY_STYLE_AUTO",
                    "metricDisplayNameCustomFormat": null
                },
                "axisPosition": null
            }
        ],
        "text": null
    },
    {
        "widgetType": "MetricLabelWidget",
        "title": "",
        "height": 16,
        "width": 190,
        "x": 1330,
        "y": "{box4_label3_y}",
        "label": "Very Slow Calls: ${v}",
        "description": null,
        "drillDownUrl": null,
        "useMetricBrowserAsDrillDown": true,
        "backgroundColor": 16777215,
        "backgroundColors": null,
        "backgroundColorsStr": "16777215,16777215",
        "color": "{text_color1}",
        "fontSize": 14,
        "useAutomaticFontSize": false,
        "borderEnabled": false,
        "borderThickness": 0,
        "borderColor": 14408667,
        "backgroundAlpha": 0,
        "showValues": false,
        "compactMode": false,
        "showTimeRange": false,
        "renderIn3D": false,
        "showLegend": null,
        "legendPosition": null,
        "legendColumnCount": null,
        "startTime": null,
        "endTime": null,
        "minutesBeforeAnchorTime": 15,
        "isGlobal": true,
        "propertiesMap": null,
        "dataSeriesTemplates": [
            {
                "seriesType": null,
                "metricType": null,
                "showRawMetricName": null,
                "colorPalette": null,
                "name": "metric label criteria",
                "metricMatchCriteriaTemplate": {
                    "entityMatchCriteria": null,
                    "metricExpressionTemplate": {
                        "metricExpressionType": "Absolute",
                        "functionType": "VALUE",
                        "displayName": "Business Transaction Performance|Business Transactions|{tier_name}|{bt_name}|Number of Very Slow Calls",
                        "metricPath": "Business Transaction Performance|Business Transactions|{tier_name}|{bt_name}|Number of Very Slow Calls",
                        "scopeEntity": {
                            "applicationName": "{app_name}",
                            "entityType": "APPLICATION_COMPONENT",
                            "entityName": "{tier_name}",
                            "scopingEntityType": null,
                            "scopingEntityName": null,
                            "subtype": null
                        }
                    },
                    "rollupMetricData": true,
                    "expressionString": null,
                    "useActiveBaseline": false,
                    "sortResultsAscending": null,
                    "maxResults": null,
                    "evaluationScopeType": null,
                    "baselineName": null,
                    "applicationName": "{app_name}",
                    "metricDisplayNameStyle": "DISPLAY_STYLE_AUTO",
                    "metricDisplayNameCustomFormat": null
                },
                "axisPosition": null
            }
        ],
        "text": null
    },
    {
        "widgetType": "MetricLabelWidget",
        "title": "",
        "height": 15,
        "width": 190,
        "x": 1330,
        "y": "{box4_label4_y}",
        "label": "Stalls: ${v}",
        "description": null,
        "drillDownUrl": null,
        "useMetricBrowserAsDrillDown": true,
        "backgroundColor": 16777215,
        "backgroundColors": null,
        "backgroundColorsStr": "16777215,16777215",
        "color": "{text_color1}",
        "fontSize": 14,
        "useAutomaticFontSize": false,
        "borderEnabled": false,
        "borderThickness": 0,
        "borderColor": 14408667,
        "backgroundAlpha": 0,
        "showValues": false,
        "compactMode": false,
        "showTimeRange": false,
        "renderIn3D": false,
        "showLegend": null,
        "legendPosition": null,
        "legendColumnCount": null,
        "startTime": null,
        "endTime": null,
        "minutesBeforeAnchorTime": 15,
        "isGlobal": true,
        "propertiesMap": null,
        "dataSeriesTemplates": [
            {
                "seriesType": null,
                "metricType": null,
                "showRawMetricName": null,
                "colorPalette": null,
                "name": "metric label criteria",
                "metricMatchCriteriaTemplate": {
                    "entityMatchCriteria": null,
                    "metricExpressionTemplate": {
                        "metricExpressionType": "Absolute",
                        "functionType": "VALUE",
                        "displayName": "Business Transaction Performance|Business Transactions|{tier_name}|{bt_name}|Stall Count",
                        "metricPath": "Business Transaction Performance|Business Transactions|{tier_name}|{bt_name}|Stall Count",
                        "scopeEntity": {
                            "applicationName": "{app_name}",
                            "entityType": "APPLICATION_COMPONENT",
                            "entityName": "{tier_name}",
                            "scopingEntityType": null,
                            "scopingEntityName": null,
                            "subtype": null
                        }
                    },
                    "rollupMetricData": true,
                    "expressionString": null,
                    "useActiveBaseline": false,
                    "sortResultsAscending": null,
                    "maxResults": null,
                    "evaluationScopeType": null,
                    "baselineName": null,
                    "applicationName": "{app_name}",
                    "metricDisplayNameStyle": "DISPLAY_STYLE_AUTO",
                    "metricDisplayNameCustomFormat": null
                },
                "axisPosition": null
            }
        ],
        "text": null
    },
    {
        "widgetType": "PieWidget",
        "title": null,
        "height": 162,
        "width": 207,
        "x": 1172,
        "y": "{pieChart_y}",
        "label": null,
        "description": null,
        "drillDownUrl": null,
        "useMetricBrowserAsDrillDown": true,
        "backgroundColor": 16777215,
        "backgroundColors": null,
        "backgroundColorsStr": "16777215,16777215",
        "color": 10066329,
        "fontSize": 12,
        "useAutomaticFontSize": false,
        "borderEnabled": false,
        "borderThickness": 0,
        "borderColor": 14408667,
        "backgroundAlpha": 0,
        "showValues": false,
        "compactMode": false,
        "showTimeRange": false,
        "renderIn3D": false,
        "showLegend": false,
        "legendPosition": "POSITION_BOTTOM",
        "legendColumnCount": 1,
        "startTime": null,
        "endTime": null,
        "minutesBeforeAnchorTime": 15,
        "isGlobal": true,
        "propertiesMap": null,
        "dataSeriesTemplates": [
            {
                "seriesType": "LINE",
                "metricType": "BUSINESS_TRANSACTION",
                "showRawMetricName": false,
                "colorPalette": {
                    "colors": [
                        10393831
                    ]
                },
                "name": "Stall",
                "metricMatchCriteriaTemplate": {
                    "entityMatchCriteria": {
                        "matchCriteriaType": "SpecificEntities",
                        "entityType": "BUSINESS_TRANSACTION",
                        "agentTypes": null,
                        "entityNames": [
                            {
                                "applicationName": "{app_name}",
                                "entityType": "BUSINESS_TRANSACTION",
                                "entityName": "{bt_name}",
                                "scopingEntityType": "APPLICATION_COMPONENT",
                                "scopingEntityName": "{tier_name}",
                                "subtype": "{bt_type}"
                            }
                        ],
                        "summary": false
                    },
                    "metricExpressionTemplate": {
                        "metricExpressionType": "Logical",
                        "functionType": "VALUE",
                        "displayName": "null",
                        "relativeMetricPath": "Stall Count"
                    },
                    "rollupMetricData": true,
                    "expressionString": null,
                    "useActiveBaseline": false,
                    "sortResultsAscending": false,
                    "maxResults": 20,
                    "evaluationScopeType": "TIER_AVERAGE",
                    "baselineName": null,
                    "applicationName": "{app_name}",
                    "metricDisplayNameStyle": "DISPLAY_STYLE_CUSTOM",
                    "metricDisplayNameCustomFormat": "Stalls"
                },
                "axisPosition": null
            },
            {
                "seriesType": "LINE",
                "metricType": "BUSINESS_TRANSACTION",
                "showRawMetricName": false,
                "colorPalette": {
                    "colors": [
                        16620859
                    ]
                },
                "name": "Very Slow",
                "metricMatchCriteriaTemplate": {
                    "entityMatchCriteria": {
                        "matchCriteriaType": "SpecificEntities",
                        "entityType": "BUSINESS_TRANSACTION",
                        "agentTypes": null,
                        "entityNames": [
                            {
                                "applicationName": "{app_name}",
                                "entityType": "BUSINESS_TRANSACTION",
                                "entityName": "{bt_name}",
                                "scopingEntityType": "APPLICATION_COMPONENT",
                                "scopingEntityName": "{tier_name}",
                                "subtype": "{bt_type}"
                            }
                        ],
                        "summary": false
                    },
                    "metricExpressionTemplate": {
                        "metricExpressionType": "Logical",
                        "functionType": "VALUE",
                        "displayName": "null",
                        "relativeMetricPath": "Number of Very Slow Calls"
                    },
                    "rollupMetricData": true,
                    "expressionString": null,
                    "useActiveBaseline": false,
                    "sortResultsAscending": false,
                    "maxResults": 20,
                    "evaluationScopeType": "TIER_AVERAGE",
                    "baselineName": null,
                    "applicationName": "{app_name}",
                    "metricDisplayNameStyle": "DISPLAY_STYLE_CUSTOM",
                    "metricDisplayNameCustomFormat": "Very Slow Calls"
                },
                "axisPosition": null
            },
            {
                "seriesType": "LINE",
                "metricType": "BUSINESS_TRANSACTION",
                "showRawMetricName": false,
                "colorPalette": {
                    "colors": [
                        15686749
                    ]
                },
                "name": "Error",
                "metricMatchCriteriaTemplate": {
                    "entityMatchCriteria": {
                        "matchCriteriaType": "SpecificEntities",
                        "entityType": "BUSINESS_TRANSACTION",
                        "agentTypes": null,
                        "entityNames": [
                            {
                                "applicationName": "{app_name}",
                                "entityType": "BUSINESS_TRANSACTION",
                                "entityName": "{bt_name}",
                                "scopingEntityType": "APPLICATION_COMPONENT",
                                "scopingEntityName": "{tier_name}",
                                "subtype": "{bt_type}"
                            }
                        ],
                        "summary": false
                    },
                    "metricExpressionTemplate": {
                        "metricExpressionType": "Logical",
                        "functionType": "SUM",
                        "displayName": "null",
                        "relativeMetricPath": "Errors per Minute"
                    },
                    "rollupMetricData": true,
                    "expressionString": null,
                    "useActiveBaseline": false,
                    "sortResultsAscending": false,
                    "maxResults": 20,
                    "evaluationScopeType": "TIER_AVERAGE",
                    "baselineName": null,
                    "applicationName": "{app_name}",
                    "metricDisplayNameStyle": "DISPLAY_STYLE_CUSTOM",
                    "metricDisplayNameCustomFormat": "Errors"
                },
                "axisPosition": null
            },
            {
                "seriesType": "LINE",
                "metricType": "BUSINESS_TRANSACTION",
                "showRawMetricName": false,
                "colorPalette": {
                    "colors": [
                        3394662
                    ]
                },
                "name": "Normal",
                "metricMatchCriteriaTemplate": {
                    "entityMatchCriteria": {
                        "matchCriteriaType": "SpecificEntities",
                        "entityType": "BUSINESS_TRANSACTION",
                        "agentTypes": null,
                        "entityNames": [
                            {
                                "applicationName": "{app_name}",
                                "entityType": "BUSINESS_TRANSACTION",
                                "entityName": "{bt_name}",
                                "scopingEntityType": "APPLICATION_COMPONENT",
                                "scopingEntityName": "{tier_name}",
                                "subtype": "{bt_type}"
                            }
                        ],
                        "summary": false
                    },
                    "metricExpressionTemplate": {
                        "metricExpressionType": "Logical",
                        "functionType": "COUNT",
                        "displayName": "null",
                        "relativeMetricPath": "Normal Average Response Time (ms)"
                    },
                    "rollupMetricData": true,
                    "expressionString": null,
                    "useActiveBaseline": false,
                    "sortResultsAscending": false,
                    "maxResults": 20,
                    "evaluationScopeType": "TIER_AVERAGE",
                    "baselineName": null,
                    "applicationName": "{app_name}",
                    "metricDisplayNameStyle": "DISPLAY_STYLE_CUSTOM",
                    "metricDisplayNameCustomFormat": "Normal Calls"
                },
                "axisPosition": null
            },
            {
                "seriesType": "LINE",
                "metricType": "BUSINESS_TRANSACTION",
                "showRawMetricName": false,
                "colorPalette": {
                    "colors": [
                        16701282
                    ]
                },
                "name": "Slow",
                "metricMatchCriteriaTemplate": {
                    "entityMatchCriteria": {
                        "matchCriteriaType": "SpecificEntities",
                        "entityType": "BUSINESS_TRANSACTION",
                        "agentTypes": null,
                        "entityNames": [
                            {
                                "applicationName": "{app_name}",
                                "entityType": "BUSINESS_TRANSACTION",
                                "entityName": "{bt_name}",
                                "scopingEntityType": "APPLICATION_COMPONENT",
                                "scopingEntityName": "{tier_name}",
                                "subtype": "{bt_type}"
                            }
                        ],
                        "summary": false
                    },
                    "metricExpressionTemplate": {
                        "metricExpressionType": "Logical",
                        "functionType": "VALUE",
                        "displayName": "null",
                        "relativeMetricPath": "Number of Slow Calls"
                    },
                    "rollupMetricData": true,
                    "expressionString": null,
                    "useActiveBaseline": false,
                    "sortResultsAscending": false,
                    "maxResults": 20,
                    "evaluationScopeType": "TIER_AVERAGE",
                    "baselineName": null,
                    "applicationName": "{app_name}",
                    "metricDisplayNameStyle": "DISPLAY_STYLE_CUSTOM",
                    "metricDisplayNameCustomFormat": "Slow Calls"
                },
                "axisPosition": null
            }
        ],
        "showLabels": false,
        "showPercentValues": true
    },
    {
        "widgetType": "TextWidget",
        "title": null,
        "height": 28,
        "width": 290,
        "x": 1174,
        "y": "{boxLabel_y}",
        "label": null,
        "description": null,
        "drillDownUrl": null,
        "useMetricBrowserAsDrillDown": false,
        "backgroundColor": 16777215,
        "backgroundColors": null,
        "backgroundColorsStr": "16777215,16777215",
        "color": "{text_color1}",
        "fontSize": 14,
        "useAutomaticFontSize": false,
        "borderEnabled": false,
        "borderThickness": 0,
        "borderColor": 14408667,
        "backgroundAlpha": 0,
        "showValues": false,
        "compactMode": false,
        "showTimeRange": false,
        "renderIn3D": false,
        "showLegend": null,
        "legendPosition": null,
        "legendColumnCount": null,
        "startTime": null,
        "endTime": null,
        "minutesBeforeAnchorTime": 15,
        "isGlobal": true,
        "propertiesMap": null,
        "dataSeriesTemplates": null,
        "text": "Call Breakdown"
    },
    {
        "widgetType": "MetricLabelWidget",
        "title": "",
        "height": 16,
        "width": 190,
        "x": 1330,
        "y": "{box4_label5_y}",
        "label": "Total Errors: ${v}",
        "description": null,
        "drillDownUrl": null,
        "useMetricBrowserAsDrillDown": true,
        "backgroundColor": 16777215,
        "backgroundColors": null,
        "backgroundColorsStr": "16777215,16777215",
        "color": "{text_color1}",
        "fontSize": 14,
        "useAutomaticFontSize": false,
        "borderEnabled": false,
        "borderThickness": 0,
        "borderColor": 14408667,
        "backgroundAlpha": 0,
        "showValues": false,
        "compactMode": false,
        "showTimeRange": false,
        "renderIn3D": false,
        "showLegend": null,
        "legendPosition": null,
        "legendColumnCount": null,
        "startTime": null,
        "endTime": null,
        "minutesBeforeAnchorTime": 15,
        "isGlobal": true,
        "propertiesMap": null,
        "dataSeriesTemplates": [
            {
                "seriesType": null,
                "metricType": null,
                "showRawMetricName": null,
                "colorPalette": null,
                "name": "metric label criteria",
                "metricMatchCriteriaTemplate": {
                    "entityMatchCriteria": null,
                    "metricExpressionTemplate": {
                        "metricExpressionType": "Absolute",
                        "functionType": "SUM",
                        "displayName": "Business Transaction Performance|Business Transactions|{tier_name}|{bt_name}|Errors per Minute",
                        "metricPath": "Business Transaction Performance|Business Transactions|{tier_name}|{bt_name}|Errors per Minute",
                        "scopeEntity": {
                            "applicationName": "{app_name}",
                            "entityType": "APPLICATION_COMPONENT",
                            "entityName": "{tier_name}",
                            "scopingEntityType": null,
                            "scopingEntityName": null,
                            "subtype": null
                        }
                    },
                    "rollupMetricData": true,
                    "expressionString": null,
                    "useActiveBaseline": false,
                    "sortResultsAscending": null,
                    "maxResults": null,
                    "evaluationScopeType": null,
                    "baselineName": null,
                    "applicationName": "{app_name}",
                    "metricDisplayNameStyle": "DISPLAY_STYLE_AUTO",
                    "metricDisplayNameCustomFormat": null
                },
                "axisPosition": null
            }
        ],
        "text": null
    },
    {
        "widgetType": "ImageWidget",
        "title": null,
        "height": 10,
        "width": 15,
        "x": 1525,
        "y": "{box4_img1_y}",
        "label": null,
        "description": null,
        "drillDownUrl": null,
        "useMetricBrowserAsDrillDown": true,
        "backgroundColor": 16777215,
        "backgroundColors": null,
        "backgroundColorsStr": "16777215,16777215",
        "color": 4210752,
        "fontSize": 12,
        "useAutomaticFontSize": false,
        "borderEnabled": false,
        "borderThickness": 0,
        "borderColor": 14408667,
        "backgroundAlpha": 0,
        "showValues": false,
        "compactMode": false,
        "showTimeRange": false,
        "renderIn3D": false,
        "showLegend": null,
        "legendPosition": null,
        "legendColumnCount": null,
        "startTime": null,
        "endTime": null,
        "minutesBeforeAnchorTime": 15,
        "isGlobal": true,
        "propertiesMap": null,
        "dataSeriesTemplates": null,
        "imageURL": "data:image/svg+xml;utf8,<svg xmlns=\"http://www.w3.org/2000/svg\" xmlns:xlink=\"http://www.w3.org/1999/xlink\"><rect x=\"0\" y=\"0\" rx=\"1\" ry=\"1\" width=\"8\" height=\"8\" style=\"fill:#33CC66;\" /></svg>"
    },
    {
        "widgetType": "ImageWidget",
        "title": null,
        "height": 10,
        "width": 15,
        "x": 1525,
        "y": "{box4_img2_y}",
        "label": null,
        "description": null,
        "drillDownUrl": null,
        "useMetricBrowserAsDrillDown": true,
        "backgroundColor": 16777215,
        "backgroundColors": null,
        "backgroundColorsStr": "16777215,16777215",
        "color": 4210752,
        "fontSize": 12,
        "useAutomaticFontSize": false,
        "borderEnabled": false,
        "borderThickness": 0,
        "borderColor": 14408667,
        "backgroundAlpha": 0,
        "showValues": false,
        "compactMode": false,
        "showTimeRange": false,
        "renderIn3D": false,
        "showLegend": null,
        "legendPosition": null,
        "legendColumnCount": null,
        "startTime": null,
        "endTime": null,
        "minutesBeforeAnchorTime": 15,
        "isGlobal": true,
        "propertiesMap": null,
        "dataSeriesTemplates": null,
        "imageURL": "data:image/svg+xml;utf8,<svg xmlns=\"http://www.w3.org/2000/svg\" xmlns:xlink=\"http://www.w3.org/1999/xlink\"><rect x=\"0\" y=\"0\" rx=\"1\" ry=\"1\" width=\"8\" height=\"8\" style=\"fill:#FED762;\" /></svg>"
    },
    {
        "widgetType": "ImageWidget",
        "title": null,
        "height": 10,
        "width": 15,
        "x": 1525,
        "y": "{box4_img3_y}",
        "label": null,
        "description": null,
        "drillDownUrl": null,
        "useMetricBrowserAsDrillDown": true,
        "backgroundColor": 16777215,
        "backgroundColors": null,
        "backgroundColorsStr": "16777215,16777215",
        "color": 4210752,
        "fontSize": 12,
        "useAutomaticFontSize": false,
        "borderEnabled": false,
        "borderThickness": 0,
        "borderColor": 14408667,
        "backgroundAlpha": 0,
        "showValues": false,
        "compactMode": false,
        "showTimeRange": false,
        "renderIn3D": false,
        "showLegend": null,
        "legendPosition": null,
        "legendColumnCount": null,
        "startTime": null,
        "endTime": null,
        "minutesBeforeAnchorTime": 15,
        "isGlobal": true,
        "propertiesMap": null,
        "dataSeriesTemplates": null,
        "imageURL": "data:image/svg+xml;utf8,<svg xmlns=\"http://www.w3.org/2000/svg\" xmlns:xlink=\"http://www.w3.org/1999/xlink\"><rect x=\"0\" y=\"0\" rx=\"1\" ry=\"1\" width=\"8\" height=\"8\" style=\"fill:#FD9D3B;\" /></svg>"
    },
    {
        "widgetType": "ImageWidget",
        "title": null,
        "height": 10,
        "width": 15,
        "x": 1525,
        "y": "{box4_img4_y}",
        "label": null,
        "description": null,
        "drillDownUrl": null,
        "useMetricBrowserAsDrillDown": true,
        "backgroundColor": 16777215,
        "backgroundColors": null,
        "backgroundColorsStr": "16777215,16777215",
        "color": 4210752,
        "fontSize": 12,
        "useAutomaticFontSize": false,
        "borderEnabled": false,
        "borderThickness": 0,
        "borderColor": 14408667,
        "backgroundAlpha": 0,
        "showValues": false,
        "compactMode": false,
        "showTimeRange": false,
        "renderIn3D": false,
        "showLegend": null,
        "legendPosition": null,
        "legendColumnCount": null,
        "startTime": null,
        "endTime": null,
        "minutesBeforeAnchorTime": 15,
        "isGlobal": true,
        "propertiesMap": null,
        "dataSeriesTemplates": null,
        "imageURL": "data:image/svg+xml;utf8,<svg xmlns=\"http://www.w3.org/2000/svg\" xmlns:xlink=\"http://www.w3.org/1999/xlink\"><rect x=\"0\" y=\"0\" rx=\"1\" ry=\"1\" width=\"8\" height=\"8\" style=\"fill:#9E98E7;\" /></svg>"
    },
    {
        "widgetType": "ImageWidget",
        "title": null,
        "height": 10,
        "width": 15,
        "x": 1525,
        "y": "{box4_img5_y}",
        "label": null,
        "description": null,
        "drillDownUrl": null,
        "useMetricBrowserAsDrillDown": true,
        "backgroundColor": 16777215,
        "backgroundColors": null,
        "backgroundColorsStr": "16777215,16777215",
        "color": 4210752,
        "fontSize": 12,
        "useAutomaticFontSize": false,
        "borderEnabled": false,
        "borderThickness": 0,
        "borderColor": 14408667,
        "backgroundAlpha": 0,
        "showValues": false,
        "compactMode": false,
        "showTimeRange": false,
        "renderIn3D": false,
        "showLegend": null,
        "legendPosition": null,
        "legendColumnCount": null,
        "startTime": null,
        "endTime": null,
        "minutesBeforeAnchorTime": 15,
        "isGlobal": true,
        "propertiesMap": null,
        "dataSeriesTemplates": null,
        "imageURL": "data:image/svg+xml;utf8,<svg xmlns=\"http://www.w3.org/2000/svg\" xmlns:xlink=\"http://www.w3.org/1999/xlink\"><rect x=\"0\" y=\"0\" rx=\"1\" ry=\"1\" width=\"8\" height=\"8\" style=\"fill:#EF5C5D;\" /></svg>"
    }
]