{
    "schemaVersion": null,
    "dashboardFormatVersion": "2.0",
    "name": "OPs - Sample 4",
    "description": "",
    "properties": null,
    "templateEntityType": null,
    "associatedEntityTemplates": null,
    "minutesBeforeAnchorTime": 60,
    "startDate": "12/31/1969 19:00:00",
    "endDate": "12/31/1969 19:00:00",
    "refreshInterval": 120000,
    "backgroundColor": 13685977,
    "color": 13685977,
    "height": 768,
    "width": 1024,
    "canvasType": "CANVAS_TYPE_GRID",
    "layoutType": "",
    "widgetTemplates": [
        {
            "widgetType": "GraphWidget",
            "title": "Application Load",
            "height": 2,
            "width": 4,
            "x": 5,
            "y": 0,
            "label": null,
            "description": "",
            "drillDownUrl": "",
            "useMetricBrowserAsDrillDown": true,
            "backgroundColor": 16777215,
            "backgroundColors": null,
            "backgroundColorsStr": "16777215,16777215",
            "color": 4210752,
            "fontSize": 12,
            "useAutomaticFontSize": null,
            "borderEnabled": false,
            "borderThickness": 0,
            "borderColor": 14408667,
            "backgroundAlpha": 1,
            "showValues": false,
            "compactMode": false,
            "showTimeRange": true,
            "renderIn3D": false,
            "showLegend": true,
            "legendPosition": "POSITION_BOTTOM",
            "legendColumnCount": 1,
            "startTime": 10800000,
            "endTime": 10800000,
            "minutesBeforeAnchorTime": 60,
            "isGlobal": true,
            "propertiesMap": null,
            "dataSeriesTemplates": [
                {
                    "seriesType": "LINE",
                    "metricType": "OVERALL_APPLICATION",
                    "showRawMetricName": false,
                    "colorPalette": null,
                    "name": "Series 2",
                    "metricMatchCriteriaTemplate": {
                        "entityMatchCriteria": {
                            "matchCriteriaType": "SpecificEntities",
                            "entityType": "APPLICATION",
                            "agentTypes": null,
                            "entityNames": [
                                {
                                    "applicationName": "{app_name}",
                                    "entityType": "APPLICATION",
                                    "entityName": "{app_name}",
                                    "scopingEntityType": null,
                                    "scopingEntityName": null,
                                    "subtype": null
                                }
                            ],
                            "summary": true
                        },
                        "metricExpressionTemplate": {
                            "metricExpressionType": "Logical",
                            "functionType": "VALUE",
                            "relativeMetricPath": "Calls per Minute"
                        },
                        "rollupMetricData": false,
                        "useActiveBaseline": false,
                        "sortResultsAscending": false,
                        "maxResults": 20,
                        "evaluationScopeType": null,
                        "baselineName": null,
                        "applicationName": "{app_name}",
                        "customLegendFormat": null
                    }
                }
            ],
            "verticalAxisLabel": "",
            "hideHorizontalAxis": true,
            "horizontalAxisLabel": "",
            "axisType": "LINEAR",
            "stackMode": null,
            "showEvents": null,
            "eventFilterTemplate": null
        },
        {
            "widgetType": "GraphWidget",
            "title": "Application Error Load",
            "height": 2,
            "width": 4,
            "x": 5,
            "y": 4,
            "label": null,
            "description": "",
            "drillDownUrl": "",
            "useMetricBrowserAsDrillDown": true,
            "backgroundColor": 16777215,
            "backgroundColors": null,
            "backgroundColorsStr": "16777215,16777215",
            "color": 4210752,
            "fontSize": 12,
            "useAutomaticFontSize": null,
            "borderEnabled": false,
            "borderThickness": 0,
            "borderColor": 14408667,
            "backgroundAlpha": 1,
            "showValues": false,
            "compactMode": false,
            "showTimeRange": true,
            "renderIn3D": false,
            "showLegend": true,
            "legendPosition": "POSITION_BOTTOM",
            "legendColumnCount": 1,
            "startTime": 10800000,
            "endTime": 10800000,
            "minutesBeforeAnchorTime": 60,
            "isGlobal": true,
            "propertiesMap": null,
            "dataSeriesTemplates": [
                {
                    "seriesType": "COLUMN",
                    "metricType": "OVERALL_APPLICATION",
                    "showRawMetricName": false,
                    "colorPalette": {
                        "colors": [
                            16724787
                        ]
                    },
                    "name": "Series 3",
                    "metricMatchCriteriaTemplate": {
                        "entityMatchCriteria": {
                            "matchCriteriaType": "SpecificEntities",
                            "entityType": "APPLICATION",
                            "agentTypes": null,
                            "entityNames": [
                                {
                                    "applicationName": "{app_name}",
                                    "entityType": "APPLICATION",
                                    "entityName": "{app_name}",
                                    "scopingEntityType": null,
                                    "scopingEntityName": null,
                                    "subtype": null
                                }
                            ],
                            "summary": true
                        },
                        "metricExpressionTemplate": {
                            "metricExpressionType": "Logical",
                            "functionType": "VALUE",
                            "relativeMetricPath": "Errors per Minute"
                        },
                        "rollupMetricData": false,
                        "useActiveBaseline": false,
                        "sortResultsAscending": false,
                        "maxResults": 20,
                        "evaluationScopeType": null,
                        "baselineName": null,
                        "applicationName": "{app_name}",
                        "customLegendFormat": null
                    }
                }
            ],
            "verticalAxisLabel": "",
            "hideHorizontalAxis": true,
            "horizontalAxisLabel": "",
            "axisType": "LINEAR",
            "stackMode": null,
            "showEvents": null,
            "eventFilterTemplate": null
        },
        {
            "widgetType": "GraphWidget",
            "title": "Application Response Time",
            "height": 3,
            "width": 8,
            "x": 0,
            "y": 0,
            "label": null,
            "description": "",
            "drillDownUrl": "",
            "useMetricBrowserAsDrillDown": true,
            "backgroundColor": 16777215,
            "backgroundColors": null,
            "backgroundColorsStr": "16777215,16777215",
            "color": 4210752,
            "fontSize": 12,
            "useAutomaticFontSize": null,
            "borderEnabled": false,
            "borderThickness": 0,
            "borderColor": 14408667,
            "backgroundAlpha": 1,
            "showValues": false,
            "compactMode": false,
            "showTimeRange": true,
            "renderIn3D": false,
            "showLegend": true,
            "legendPosition": "POSITION_BOTTOM",
            "legendColumnCount": 1,
            "startTime": 10800000,
            "endTime": 10800000,
            "minutesBeforeAnchorTime": 60,
            "isGlobal": true,
            "propertiesMap": null,
            "dataSeriesTemplates": [
                {
                    "seriesType": "AREA",
                    "metricType": "OVERALL_APPLICATION",
                    "showRawMetricName": false,
                    "colorPalette": {
                        "colors": [
                            5019904
                        ]
                    },
                    "name": "Series 1",
                    "metricMatchCriteriaTemplate": {
                        "entityMatchCriteria": {
                            "matchCriteriaType": "SpecificEntities",
                            "entityType": "APPLICATION",
                            "agentTypes": null,
                            "entityNames": [
                                {
                                    "applicationName": "{app_name}",
                                    "entityType": "APPLICATION",
                                    "entityName": "{app_name}",
                                    "scopingEntityType": null,
                                    "scopingEntityName": null,
                                    "subtype": null
                                }
                            ],
                            "summary": true
                        },
                        "metricExpressionTemplate": {
                            "metricExpressionType": "Logical",
                            "functionType": "VALUE",
                            "relativeMetricPath": "Average Response Time (ms)"
                        },
                        "rollupMetricData": false,
                        "useActiveBaseline": false,
                        "sortResultsAscending": false,
                        "maxResults": 20,
                        "evaluationScopeType": null,
                        "baselineName": null,
                        "applicationName": "{app_name}",
                        "customLegendFormat": null
                    }
                }
            ],
            "verticalAxisLabel": "",
            "hideHorizontalAxis": true,
            "horizontalAxisLabel": "",
            "axisType": "LINEAR",
            "stackMode": null,
            "showEvents": null,
            "eventFilterTemplate": null
        },
        {
            "widgetType": "GraphWidget",
            "title": "Calls per Minute",
            "height": 7,
            "width": 4,
            "x": 0,
            "y": 8,
            "label": null,
            "description": "",
            "drillDownUrl": "",
            "useMetricBrowserAsDrillDown": true,
            "backgroundColor": 16777215,
            "backgroundColors": null,
            "backgroundColorsStr": "16777215,16777215",
            "color": 4210752,
            "fontSize": 12,
            "useAutomaticFontSize": null,
            "borderEnabled": false,
            "borderThickness": 0,
            "borderColor": 14408667,
            "backgroundAlpha": 1,
            "showValues": false,
            "compactMode": false,
            "showTimeRange": true,
            "renderIn3D": false,
            "showLegend": true,
            "legendPosition": "POSITION_BOTTOM",
            "legendColumnCount": 1,
            "startTime": 10800000,
            "endTime": 10800000,
            "minutesBeforeAnchorTime": 60,
            "isGlobal": true,
            "propertiesMap": null,
            "dataSeriesTemplates": [
                {
                    "seriesType": "LINE",
                    "metricType": "OVERALL_APPLICATION",
                    "showRawMetricName": false,
                    "colorPalette": null,
                    "name": "Series 4",
                    "metricMatchCriteriaTemplate": {
                        "entityMatchCriteria": {
                            "matchCriteriaType": "SpecificEntities",
                            "entityType": "APPLICATION",
                            "agentTypes": null,
                            "entityNames": [
                                {
                                    "applicationName": "{app_name}",
                                    "entityType": "APPLICATION",
                                    "entityName": "{app_name}",
                                    "scopingEntityType": null,
                                    "scopingEntityName": null,
                                    "subtype": null
                                }
                            ],
                            "summary": true
                        },
                        "metricExpressionTemplate": {
                            "metricExpressionType": "Logical",
                            "functionType": "VALUE",
                            "relativeMetricPath": "Calls per Minute"
                        },
                        "rollupMetricData": false,
                        "useActiveBaseline": false,
                        "sortResultsAscending": false,
                        "maxResults": 20,
                        "evaluationScopeType": null,
                        "baselineName": null,
                        "applicationName": "{app_name}",
                        "customLegendFormat": null
                    }
                }
            ],
            "verticalAxisLabel": "",
            "hideHorizontalAxis": true,
            "horizontalAxisLabel": "",
            "axisType": "LINEAR",
            "stackMode": null,
            "showEvents": null,
            "eventFilterTemplate": null
        },
        {
            "widgetType": "StatusLightWidget",
            "title": "BT Response Time",
            "height": 2,
            "width": 2,
            "x": 3,
            "y": 0,
            "label": null,
            "description": "",
            "drillDownUrl": "",
            "useMetricBrowserAsDrillDown": true,
            "backgroundColor": 16777215,
            "backgroundColors": null,
            "backgroundColorsStr": null,
            "color": 4210752,
            "fontSize": 12,
            "useAutomaticFontSize": null,
            "borderEnabled": false,
            "borderThickness": 0,
            "borderColor": 14408667,
            "backgroundAlpha": 1,
            "showValues": false,
            "compactMode": null,
            "showTimeRange": true,
            "renderIn3D": null,
            "showLegend": null,
            "legendPosition": null,
            "legendColumnCount": null,
            "startTime": 10800000,
            "endTime": 10800000,
            "minutesBeforeAnchorTime": 60,
            "isGlobal": true,
            "propertiesMap": null,
            "dataSeriesTemplates": null,
            "healthRule": null
        },
        {
            "widgetType": "StatusLightWidget",
            "title": "BT Error Rate",
            "height": 2,
            "width": 2,
            "x": 3,
            "y": 2,
            "label": null,
            "description": "",
            "drillDownUrl": "",
            "useMetricBrowserAsDrillDown": true,
            "backgroundColor": 16777215,
            "backgroundColors": null,
            "backgroundColorsStr": null,
            "color": 4210752,
            "fontSize": 12,
            "useAutomaticFontSize": null,
            "borderEnabled": false,
            "borderThickness": 0,
            "borderColor": 14408667,
            "backgroundAlpha": 1,
            "showValues": false,
            "compactMode": null,
            "showTimeRange": true,
            "renderIn3D": null,
            "showLegend": null,
            "legendPosition": null,
            "legendColumnCount": null,
            "startTime": 10800000,
            "endTime": 10800000,
            "minutesBeforeAnchorTime": 60,
            "isGlobal": true,
            "propertiesMap": null,
            "dataSeriesTemplates": null,
            "healthRule": {
                "applicationName": "{app_name}",
                "entityType": "POLICY",
                "entityName": "Business Transaction error rate is much higher than normal",
                "scopingEntityType": null,
                "scopingEntityName": null,
                "subtype": null
            }
        },
        {
            "widgetType": "StatusLightWidget",
            "title": "CPU Utilization",
            "height": 2,
            "width": 2,
            "x": 3,
            "y": 4,
            "label": null,
            "description": "",
            "drillDownUrl": "",
            "useMetricBrowserAsDrillDown": true,
            "backgroundColor": 16777215,
            "backgroundColors": null,
            "backgroundColorsStr": null,
            "color": 4210752,
            "fontSize": 12,
            "useAutomaticFontSize": null,
            "borderEnabled": false,
            "borderThickness": 0,
            "borderColor": 14408667,
            "backgroundAlpha": 1,
            "showValues": false,
            "compactMode": null,
            "showTimeRange": true,
            "renderIn3D": null,
            "showLegend": null,
            "legendPosition": null,
            "legendColumnCount": null,
            "startTime": 10800000,
            "endTime": 10800000,
            "minutesBeforeAnchorTime": 60,
            "isGlobal": true,
            "propertiesMap": null,
            "dataSeriesTemplates": null,
            "healthRule": {
                "applicationName": "{app_name}",
                "entityType": "POLICY",
                "entityName": "CPU utilization is too high",
                "scopingEntityType": null,
                "scopingEntityName": null,
                "subtype": null
            }
        },
        {
            "widgetType": "StatusLightWidget",
            "title": "Memory Utilization",
            "height": 2,
            "width": 2,
            "x": 3,
            "y": 6,
            "label": null,
            "description": "",
            "drillDownUrl": "",
            "useMetricBrowserAsDrillDown": true,
            "backgroundColor": 16777215,
            "backgroundColors": null,
            "backgroundColorsStr": null,
            "color": 4210752,
            "fontSize": 12,
            "useAutomaticFontSize": null,
            "borderEnabled": false,
            "borderThickness": 0,
            "borderColor": 14408667,
            "backgroundAlpha": 1,
            "showValues": false,
            "compactMode": null,
            "showTimeRange": true,
            "renderIn3D": null,
            "showLegend": null,
            "legendPosition": null,
            "legendColumnCount": null,
            "startTime": 10800000,
            "endTime": 10800000,
            "minutesBeforeAnchorTime": 60,
            "isGlobal": true,
            "propertiesMap": null,
            "dataSeriesTemplates": null,
            "healthRule": {
                "applicationName": "{app_name}",
                "entityType": "POLICY",
                "entityName": "Memory utilization is too high",
                "scopingEntityType": null,
                "scopingEntityName": null,
                "subtype": null
            }
        }
    ],
    "template": false,
    "warRoom": false
}