{
    "schemaVersion": null,
    "dashboardFormatVersion": "2.0",
    "name": "OPs - Sample 1",
    "description": null,
    "properties": null,
    "templateEntityType": null,
    "associatedEntityTemplates": null,
    "minutesBeforeAnchorTime": 30,
    "startDate": null,
    "endDate": null,
    "refreshInterval": 120000,
    "backgroundColor": 15461872,
    "color": 15461872,
    "height": 1500,
    "width": 1024,
    "canvasType": "CANVAS_TYPE_ABSOLUTE",
    "layoutType": "",
    "widgetTemplates": [
        {
            "widgetType": "TextWidget",
            "title": null,
            "height": 76,
            "width": 1018,
            "x": 6,
            "y": 6,
            "label": null,
            "description": null,
            "drillDownUrl": null,
            "useMetricBrowserAsDrillDown": true,
            "backgroundColor": 16777215,
            "backgroundColors": null,
            "backgroundColorsStr": null,
            "color": 4210752,
            "fontSize": 12,
            "useAutomaticFontSize": null,
            "borderEnabled": true,
            "borderThickness": 1,
            "borderColor": 12632256,
            "backgroundAlpha": 1,
            "showValues": false,
            "compactMode": null,
            "showTimeRange": true,
            "renderIn3D": null,
            "showLegend": null,
            "legendPosition": null,
            "legendColumnCount": null,
            "startTime": null,
            "endTime": null,
            "minutesBeforeAnchorTime": null,
            "isGlobal": null,
            "propertiesMap": null,
            "dataSeriesTemplates": null,
            "text": ""
        },
        {
            "widgetType": "EventListWidget",
            "title": "Event List",
            "height": 161,
            "width": 1019,
            "x": 5,
            "y": 80,
            "label": null,
            "description": null,
            "drillDownUrl": null,
            "useMetricBrowserAsDrillDown": true,
            "backgroundColor": 16777215,
            "backgroundColors": null,
            "backgroundColorsStr": null,
            "color": 4210752,
            "fontSize": 12,
            "useAutomaticFontSize": null,
            "borderEnabled": true,
            "borderThickness": 1,
            "borderColor": 14737632,
            "backgroundAlpha": 1,
            "showValues": false,
            "compactMode": null,
            "showTimeRange": true,
            "renderIn3D": null,
            "showLegend": null,
            "legendPosition": null,
            "legendColumnCount": null,
            "startTime": 0,
            "endTime": 0,
            "minutesBeforeAnchorTime": 30,
            "isGlobal": true,
            "propertiesMap": null,
            "dataSeriesTemplates": null,
            "useTimeline": false,
            "eventFilterTemplate": {
                "applicationName": "{app_name}",
                "healthRuleNames": null,
                "eventTypes": [
                    "POLICY_OPEN_CRITICAL",
                    "POLICY_CONTINUES_CRITICAL",
                    "DEADLOCK",
                    "RESOURCE_POOL_LIMIT",
                    "CLR_CRASH",
                    "EUM_CLOUD_SYNTHETIC_HEALTHY_EVENT",
                    "EUM_CLOUD_SYNTHETIC_WARNING_EVENT",
                    "EUM_CLOUD_SYNTHETIC_CONFIRMED_WARNING_EVENT",
                    "EUM_CLOUD_SYNTHETIC_ONGOING_WARNING_EVENT",
                    "EUM_CLOUD_SYNTHETIC_ERROR_EVENT",
                    "EUM_CLOUD_SYNTHETIC_CONFIRMED_ERROR_EVENT",
                    "EUM_CLOUD_SYNTHETIC_ONGOING_ERROR_EVENT"
                ],
                "rsdTypes": null,
                "customEventFilters": null,
                "specificEntityNamesByType": null
            }
        },
        {
            "widgetType": "TextWidget",
            "title": null,
            "height": 50,
            "width": 170,
            "x": 525,
            "y": 16,
            "label": null,
            "description": null,
            "drillDownUrl": null,
            "useMetricBrowserAsDrillDown": true,
            "backgroundColor": 16777215,
            "backgroundColors": null,
            "backgroundColorsStr": null,
            "color": 4210752,
            "fontSize": 12,
            "useAutomaticFontSize": null,
            "borderEnabled": false,
            "borderThickness": 0,
            "borderColor": 14408667,
            "backgroundAlpha": 1,
            "showValues": false,
            "compactMode": null,
            "showTimeRange": true,
            "renderIn3D": null,
            "showLegend": null,
            "legendPosition": null,
            "legendColumnCount": null,
            "startTime": null,
            "endTime": null,
            "minutesBeforeAnchorTime": null,
            "isGlobal": null,
            "propertiesMap": null,
            "dataSeriesTemplates": null,
            "text": "Tier App Health"
        },
        {
            "widgetType": "TextWidget",
            "title": null,
            "height": 50,
            "width": 164,
            "x": 755,
            "y": 17,
            "label": null,
            "description": null,
            "drillDownUrl": null,
            "useMetricBrowserAsDrillDown": true,
            "backgroundColor": 16777215,
            "backgroundColors": null,
            "backgroundColorsStr": null,
            "color": 4210752,
            "fontSize": 12,
            "useAutomaticFontSize": null,
            "borderEnabled": false,
            "borderThickness": 0,
            "borderColor": 14408667,
            "backgroundAlpha": 1,
            "showValues": false,
            "compactMode": null,
            "showTimeRange": true,
            "renderIn3D": null,
            "showLegend": null,
            "legendPosition": null,
            "legendColumnCount": null,
            "startTime": null,
            "endTime": null,
            "minutesBeforeAnchorTime": null,
            "isGlobal": null,
            "propertiesMap": null,
            "dataSeriesTemplates": null,
            "text": "Tier Infrastructure Health"
        },
        {
            "widgetType": "StatusLightWidget",
            "title": "Tier - App Health ",
            "height": 47,
            "width": 50,
            "x": 455,
            "y": 16,
            "label": null,
            "description": null,
            "drillDownUrl": "{server}/controller/#/location=APP_EVENTSTREAM_LIST&timeRange=last_30_minutes.BEFORE_NOW.-1.-1.30&application=20",
            "useMetricBrowserAsDrillDown": true,
            "backgroundColor": 16777215,
            "backgroundColors": null,
            "backgroundColorsStr": null,
            "color": 4210752,
            "fontSize": 12,
            "useAutomaticFontSize": null,
            "borderEnabled": false,
            "borderThickness": 0,
            "borderColor": 14408667,
            "backgroundAlpha": 1,
            "showValues": false,
            "compactMode": null,
            "showTimeRange": true,
            "renderIn3D": null,
            "showLegend": null,
            "legendPosition": null,
            "legendColumnCount": null,
            "startTime": 0,
            "endTime": 0,
            "minutesBeforeAnchorTime": 30,
            "isGlobal": true,
            "propertiesMap": null,
            "dataSeriesTemplates": null,
            "healthRule": {
                "applicationName": "{app_name}",
                "entityType": "POLICY",
                "entityName": "App Health",
                "scopingEntityType": null,
                "scopingEntityName": null,
                "subtype": null
            }
        },
        {
            "widgetType": "StatusLightWidget",
            "title": "Tier - Infra Health ",
            "height": 46,
            "width": 82,
            "x": 664,
            "y": 16,
            "label": null,
            "description": null,
            "drillDownUrl": "{server}/controller/#/location=APP_EVENTSTREAM_LIST&timeRange=last_30_minutes.BEFORE_NOW.-1.-1.30&application=15",
            "useMetricBrowserAsDrillDown": true,
            "backgroundColor": 16777215,
            "backgroundColors": null,
            "backgroundColorsStr": null,
            "color": 4210752,
            "fontSize": 12,
            "useAutomaticFontSize": null,
            "borderEnabled": false,
            "borderThickness": 0,
            "borderColor": 14408667,
            "backgroundAlpha": 1,
            "showValues": false,
            "compactMode": null,
            "showTimeRange": true,
            "renderIn3D": null,
            "showLegend": null,
            "legendPosition": null,
            "legendColumnCount": null,
            "startTime": 0,
            "endTime": 0,
            "minutesBeforeAnchorTime": 30,
            "isGlobal": true,
            "propertiesMap": null,
            "dataSeriesTemplates": null,
            "healthRule": {
                "applicationName": "{app_name}",
                "entityType": "POLICY",
                "entityName": ".NET Infra Health",
                "scopingEntityType": null,
                "scopingEntityName": null,
                "subtype": null
            }
        },
        {
            "widgetType": "GraphWidget",
            "title": null,
            "height": 173,
            "width": 527,
            "x": 497,
            "y": 280,
            "label": null,
            "description": null,
            "drillDownUrl": null,
            "useMetricBrowserAsDrillDown": true,
            "backgroundColor": 16777215,
            "backgroundColors": null,
            "backgroundColorsStr": "16777215,16777215",
            "color": 4210752,
            "fontSize": 12,
            "useAutomaticFontSize": null,
            "borderEnabled": true,
            "borderThickness": 1,
            "borderColor": 14408667,
            "backgroundAlpha": 1,
            "showValues": false,
            "compactMode": false,
            "showTimeRange": false,
            "renderIn3D": false,
            "showLegend": true,
            "legendPosition": "POSITION_BOTTOM",
            "legendColumnCount": 1,
            "startTime": 0,
            "endTime": 0,
            "minutesBeforeAnchorTime": 30,
            "isGlobal": true,
            "propertiesMap": null,
            "dataSeriesTemplates": [
                {
                    "seriesType": "LINE",
                    "metricType": "OVERALL_APPLICATION",
                    "showRawMetricName": false,
                    "colorPalette": {
                        "colors": [
                            65280
                        ]
                    },
                    "name": "Series 1",
                    "metricMatchCriteriaTemplate": {
                        "entityMatchCriteria": {
                            "matchCriteriaType": "SpecificEntities",
                            "entityType": "APPLICATION",
                            "agentTypes": null,
                            "entityNames": [
                                {
                                    "applicationName": "{app_name}",
                                    "entityType": "APPLICATION",
                                    "entityName": "{app_name}",
                                    "scopingEntityType": null,
                                    "scopingEntityName": null,
                                    "subtype": null
                                }
                            ],
                            "summary": true
                        },
                        "metricExpressionTemplate": {
                            "metricExpressionType": "Logical",
                            "functionType": "VALUE",
                            "relativeMetricPath": "Average Response Time (ms)"
                        },
                        "rollupMetricData": false,
                        "useActiveBaseline": false,
                        "sortResultsAscending": false,
                        "maxResults": 20,
                        "evaluationScopeType": null,
                        "baselineName": null,
                        "applicationName": "{app_name}",
                        "customLegendFormat": ""
                    }
                }
            ],
            "verticalAxisLabel": null,
            "hideHorizontalAxis": true,
            "horizontalAxisLabel": null,
            "axisType": "LINEAR",
            "stackMode": null,
            "showEvents": true,
            "eventFilterTemplate": null
        },
        {
            "widgetType": "GraphWidget",
            "title": null,
            "height": 174,
            "width": 493,
            "x": 5,
            "y": 279,
            "label": null,
            "description": null,
            "drillDownUrl": null,
            "useMetricBrowserAsDrillDown": true,
            "backgroundColor": 16777215,
            "backgroundColors": null,
            "backgroundColorsStr": "16777215,16777215",
            "color": 4210752,
            "fontSize": 12,
            "useAutomaticFontSize": null,
            "borderEnabled": true,
            "borderThickness": 1,
            "borderColor": 14408667,
            "backgroundAlpha": 1,
            "showValues": false,
            "compactMode": false,
            "showTimeRange": false,
            "renderIn3D": false,
            "showLegend": true,
            "legendPosition": "POSITION_BOTTOM",
            "legendColumnCount": 1,
            "startTime": 0,
            "endTime": 0,
            "minutesBeforeAnchorTime": 30,
            "isGlobal": true,
            "propertiesMap": null,
            "dataSeriesTemplates": [
                {
                    "seriesType": "LINE",
                    "metricType": "OVERALL_APPLICATION",
                    "showRawMetricName": false,
                    "colorPalette": null,
                    "name": "Series 1",
                    "metricMatchCriteriaTemplate": {
                        "entityMatchCriteria": {
                            "matchCriteriaType": "SpecificEntities",
                            "entityType": "APPLICATION",
                            "agentTypes": null,
                            "entityNames": [
                                {
                                    "applicationName": "{app_name}",
                                    "entityType": "APPLICATION",
                                    "entityName": "{app_name}",
                                    "scopingEntityType": null,
                                    "scopingEntityName": null,
                                    "subtype": null
                                }
                            ],
                            "summary": true
                        },
                        "metricExpressionTemplate": {
                            "metricExpressionType": "Logical",
                            "functionType": "VALUE",
                            "relativeMetricPath": "Calls per Minute"
                        },
                        "rollupMetricData": false,
                        "useActiveBaseline": false,
                        "sortResultsAscending": false,
                        "maxResults": 20,
                        "evaluationScopeType": null,
                        "baselineName": null,
                        "applicationName": "{app_name}",
                        "customLegendFormat": ""
                    }
                }
            ],
            "verticalAxisLabel": null,
            "hideHorizontalAxis": true,
            "horizontalAxisLabel": null,
            "axisType": "LINEAR",
            "stackMode": null,
            "showEvents": true,
            "eventFilterTemplate": null
        },
        {
            "widgetType": "GraphWidget",
            "title": null,
            "height": 186,
            "width": 495,
            "x": 4,
            "y": 714,
            "label": null,
            "description": null,
            "drillDownUrl": null,
            "useMetricBrowserAsDrillDown": true,
            "backgroundColor": 16777215,
            "backgroundColors": null,
            "backgroundColorsStr": "16777215,16777215",
            "color": 4210752,
            "fontSize": 12,
            "useAutomaticFontSize": null,
            "borderEnabled": true,
            "borderThickness": 1,
            "borderColor": 14408667,
            "backgroundAlpha": 1,
            "showValues": false,
            "compactMode": false,
            "showTimeRange": false,
            "renderIn3D": false,
            "showLegend": true,
            "legendPosition": "POSITION_BOTTOM",
            "legendColumnCount": 1,
            "startTime": 0,
            "endTime": 0,
            "minutesBeforeAnchorTime": 30,
            "isGlobal": true,
            "propertiesMap": null,
            "dataSeriesTemplates": [
                {
                    "seriesType": "LINE",
                    "metricType": "OVERALL_APPLICATION",
                    "showRawMetricName": false,
                    "colorPalette": {
                        "colors": [
                            16724787
                        ]
                    },
                    "name": "Series 1",
                    "metricMatchCriteriaTemplate": {
                        "entityMatchCriteria": {
                            "matchCriteriaType": "SpecificEntities",
                            "entityType": "APPLICATION",
                            "agentTypes": null,
                            "entityNames": [
                                {
                                    "applicationName": "{app_name}",
                                    "entityType": "APPLICATION",
                                    "entityName": "{app_name}",
                                    "scopingEntityType": null,
                                    "scopingEntityName": null,
                                    "subtype": null
                                }
                            ],
                            "summary": true
                        },
                        "metricExpressionTemplate": {
                            "metricExpressionType": "Logical",
                            "functionType": "VALUE",
                            "relativeMetricPath": "Errors per Minute"
                        },
                        "rollupMetricData": false,
                        "useActiveBaseline": false,
                        "sortResultsAscending": false,
                        "maxResults": 20,
                        "evaluationScopeType": null,
                        "baselineName": null,
                        "applicationName": "{app_name}",
                        "customLegendFormat": ""
                    }
                }
            ],
            "verticalAxisLabel": null,
            "hideHorizontalAxis": true,
            "horizontalAxisLabel": null,
            "axisType": "LINEAR",
            "stackMode": null,
            "showEvents": true,
            "eventFilterTemplate": null
        },
        {
            "widgetType": "GraphWidget",
            "title": null,
            "height": 433,
            "width": 526,
            "x": 498,
            "y": 711,
            "label": null,
            "description": null,
            "drillDownUrl": null,
            "useMetricBrowserAsDrillDown": true,
            "backgroundColor": 16777215,
            "backgroundColors": null,
            "backgroundColorsStr": "16777215,16777215",
            "color": 4210752,
            "fontSize": 12,
            "useAutomaticFontSize": null,
            "borderEnabled": true,
            "borderThickness": 1,
            "borderColor": 14408667,
            "backgroundAlpha": 1,
            "showValues": false,
            "compactMode": false,
            "showTimeRange": false,
            "renderIn3D": false,
            "showLegend": true,
            "legendPosition": "POSITION_RIGHT",
            "legendColumnCount": 1,
            "startTime": 0,
            "endTime": 0,
            "minutesBeforeAnchorTime": 30,
            "isGlobal": true,
            "propertiesMap": null,
            "dataSeriesTemplates": [
                {
                    "seriesType": "LINE",
                    "metricType": "ERROR",
                    "showRawMetricName": false,
                    "colorPalette": null,
                    "name": "Series 2",
                    "metricMatchCriteriaTemplate": {
                        "entityMatchCriteria": {
                            "matchCriteriaType": "AllEntities",
                            "entityType": "ERROR",
                            "agentTypes": null,
                            "summary": false
                        },
                        "metricExpressionTemplate": {
                            "metricExpressionType": "Logical",
                            "functionType": "VALUE",
                            "relativeMetricPath": "Errors per Minute"
                        },
                        "rollupMetricData": false,
                        "useActiveBaseline": false,
                        "sortResultsAscending": false,
                        "maxResults": 20,
                        "evaluationScopeType": "TIER_AVERAGE",
                        "baselineName": null,
                        "applicationName": "{app_name}",
                        "customLegendFormat": ""
                    }
                }
            ],
            "verticalAxisLabel": null,
            "hideHorizontalAxis": true,
            "horizontalAxisLabel": null,
            "axisType": "LINEAR",
            "stackMode": null,
            "showEvents": true,
            "eventFilterTemplate": null
        },
        {
            "widgetType": "GraphWidget",
            "title": null,
            "height": 182,
            "width": 494,
            "x": 4,
            "y": 492,
            "label": null,
            "description": null,
            "drillDownUrl": null,
            "useMetricBrowserAsDrillDown": true,
            "backgroundColor": 16777215,
            "backgroundColors": null,
            "backgroundColorsStr": "16777215,16777215",
            "color": 4210752,
            "fontSize": 12,
            "useAutomaticFontSize": null,
            "borderEnabled": true,
            "borderThickness": 1,
            "borderColor": 14408667,
            "backgroundAlpha": 1,
            "showValues": false,
            "compactMode": false,
            "showTimeRange": false,
            "renderIn3D": false,
            "showLegend": true,
            "legendPosition": "POSITION_BOTTOM",
            "legendColumnCount": 1,
            "startTime": 0,
            "endTime": 0,
            "minutesBeforeAnchorTime": 10080,
            "isGlobal": false,
            "propertiesMap": null,
            "dataSeriesTemplates": [
                {
                    "seriesType": "LINE",
                    "metricType": "OVERALL_APPLICATION",
                    "showRawMetricName": false,
                    "colorPalette": null,
                    "name": "Series 1",
                    "metricMatchCriteriaTemplate": {
                        "entityMatchCriteria": {
                            "matchCriteriaType": "SpecificEntities",
                            "entityType": "APPLICATION",
                            "agentTypes": null,
                            "entityNames": [
                                {
                                    "applicationName": "{app_name}",
                                    "entityType": "APPLICATION",
                                    "entityName": "{app_name}",
                                    "scopingEntityType": null,
                                    "scopingEntityName": null,
                                    "subtype": null
                                }
                            ],
                            "summary": true
                        },
                        "metricExpressionTemplate": {
                            "metricExpressionType": "Logical",
                            "functionType": "VALUE",
                            "relativeMetricPath": "Calls per Minute"
                        },
                        "rollupMetricData": false,
                        "useActiveBaseline": false,
                        "sortResultsAscending": false,
                        "maxResults": 20,
                        "evaluationScopeType": null,
                        "baselineName": null,
                        "applicationName": "{app_name}",
                        "customLegendFormat": ""
                    }
                }
            ],
            "verticalAxisLabel": null,
            "hideHorizontalAxis": true,
            "horizontalAxisLabel": null,
            "axisType": "LINEAR",
            "stackMode": null,
            "showEvents": true,
            "eventFilterTemplate": null
        },
        {
            "widgetType": "GraphWidget",
            "title": null,
            "height": 179,
            "width": 527,
            "x": 497,
            "y": 494,
            "label": null,
            "description": null,
            "drillDownUrl": null,
            "useMetricBrowserAsDrillDown": true,
            "backgroundColor": 16777215,
            "backgroundColors": null,
            "backgroundColorsStr": "16777215,16777215",
            "color": 4210752,
            "fontSize": 12,
            "useAutomaticFontSize": null,
            "borderEnabled": true,
            "borderThickness": 1,
            "borderColor": 14408667,
            "backgroundAlpha": 1,
            "showValues": false,
            "compactMode": false,
            "showTimeRange": false,
            "renderIn3D": false,
            "showLegend": true,
            "legendPosition": "POSITION_BOTTOM",
            "legendColumnCount": 1,
            "startTime": 0,
            "endTime": 0,
            "minutesBeforeAnchorTime": 10080,
            "isGlobal": false,
            "propertiesMap": null,
            "dataSeriesTemplates": [
                {
                    "seriesType": "LINE",
                    "metricType": "OVERALL_APPLICATION",
                    "showRawMetricName": false,
                    "colorPalette": {
                        "colors": [
                            65280
                        ]
                    },
                    "name": "Series 1",
                    "metricMatchCriteriaTemplate": {
                        "entityMatchCriteria": {
                            "matchCriteriaType": "SpecificEntities",
                            "entityType": "APPLICATION",
                            "agentTypes": null,
                            "entityNames": [
                                {
                                    "applicationName": "{app_name}",
                                    "entityType": "APPLICATION",
                                    "entityName": "{app_name}",
                                    "scopingEntityType": null,
                                    "scopingEntityName": null,
                                    "subtype": null
                                }
                            ],
                            "summary": true
                        },
                        "metricExpressionTemplate": {
                            "metricExpressionType": "Logical",
                            "functionType": "VALUE",
                            "relativeMetricPath": "Average Response Time (ms)"
                        },
                        "rollupMetricData": false,
                        "useActiveBaseline": false,
                        "sortResultsAscending": false,
                        "maxResults": 20,
                        "evaluationScopeType": null,
                        "baselineName": null,
                        "applicationName": "{app_name}",
                        "customLegendFormat": ""
                    }
                }
            ],
            "verticalAxisLabel": null,
            "hideHorizontalAxis": true,
            "horizontalAxisLabel": null,
            "axisType": "LINEAR",
            "stackMode": null,
            "showEvents": true,
            "eventFilterTemplate": null
        },
        {
            "widgetType": "GraphWidget",
            "title": null,
            "height": 204,
            "width": 496,
            "x": 3,
            "y": 939,
            "label": null,
            "description": null,
            "drillDownUrl": null,
            "useMetricBrowserAsDrillDown": true,
            "backgroundColor": 16777215,
            "backgroundColors": null,
            "backgroundColorsStr": "16777215,16777215",
            "color": 4210752,
            "fontSize": 12,
            "useAutomaticFontSize": null,
            "borderEnabled": true,
            "borderThickness": 1,
            "borderColor": 14408667,
            "backgroundAlpha": 1,
            "showValues": false,
            "compactMode": false,
            "showTimeRange": false,
            "renderIn3D": false,
            "showLegend": true,
            "legendPosition": "POSITION_BOTTOM",
            "legendColumnCount": 1,
            "startTime": 0,
            "endTime": 0,
            "minutesBeforeAnchorTime": 10080,
            "isGlobal": false,
            "propertiesMap": null,
            "dataSeriesTemplates": [
                {
                    "seriesType": "LINE",
                    "metricType": "OVERALL_APPLICATION",
                    "showRawMetricName": false,
                    "colorPalette": {
                        "colors": [
                            16724787
                        ]
                    },
                    "name": "Series 1",
                    "metricMatchCriteriaTemplate": {
                        "entityMatchCriteria": {
                            "matchCriteriaType": "SpecificEntities",
                            "entityType": "APPLICATION",
                            "agentTypes": null,
                            "entityNames": [
                                {
                                    "applicationName": "{app_name}",
                                    "entityType": "APPLICATION",
                                    "entityName": "{app_name}",
                                    "scopingEntityType": null,
                                    "scopingEntityName": null,
                                    "subtype": null
                                }
                            ],
                            "summary": true
                        },
                        "metricExpressionTemplate": {
                            "metricExpressionType": "Logical",
                            "functionType": "VALUE",
                            "relativeMetricPath": "Errors per Minute"
                        },
                        "rollupMetricData": false,
                        "useActiveBaseline": false,
                        "sortResultsAscending": false,
                        "maxResults": 20,
                        "evaluationScopeType": null,
                        "baselineName": null,
                        "applicationName": "{app_name}",
                        "customLegendFormat": ""
                    }
                }
            ],
            "verticalAxisLabel": null,
            "hideHorizontalAxis": true,
            "horizontalAxisLabel": null,
            "axisType": "LINEAR",
            "stackMode": null,
            "showEvents": true,
            "eventFilterTemplate": null
        },
        {
            "widgetType": "TextWidget",
            "title": null,
            "height": 49,
            "width": 156,
            "x": 85,
            "y": 16,
            "label": null,
            "description": null,
            "drillDownUrl": null,
            "useMetricBrowserAsDrillDown": true,
            "backgroundColor": 16777215,
            "backgroundColors": null,
            "backgroundColorsStr": null,
            "color": 4210752,
            "fontSize": 12,
            "useAutomaticFontSize": null,
            "borderEnabled": false,
            "borderThickness": 0,
            "borderColor": 14408667,
            "backgroundAlpha": 1,
            "showValues": false,
            "compactMode": null,
            "showTimeRange": true,
            "renderIn3D": null,
            "showLegend": null,
            "legendPosition": null,
            "legendColumnCount": null,
            "startTime": null,
            "endTime": null,
            "minutesBeforeAnchorTime": null,
            "isGlobal": null,
            "propertiesMap": null,
            "dataSeriesTemplates": null,
            "text": "BT Response Times"
        },
        {
            "widgetType": "TextWidget",
            "title": null,
            "height": 50,
            "width": 96,
            "x": 320,
            "y": 17,
            "label": null,
            "description": null,
            "drillDownUrl": null,
            "useMetricBrowserAsDrillDown": true,
            "backgroundColor": 16777215,
            "backgroundColors": null,
            "backgroundColorsStr": null,
            "color": 4210752,
            "fontSize": 12,
            "useAutomaticFontSize": null,
            "borderEnabled": false,
            "borderThickness": 0,
            "borderColor": 14408667,
            "backgroundAlpha": 1,
            "showValues": false,
            "compactMode": null,
            "showTimeRange": true,
            "renderIn3D": null,
            "showLegend": null,
            "legendPosition": null,
            "legendColumnCount": null,
            "startTime": null,
            "endTime": null,
            "minutesBeforeAnchorTime": null,
            "isGlobal": null,
            "propertiesMap": null,
            "dataSeriesTemplates": null,
            "text": "BT Error Rates"
        },
        {
            "widgetType": "StatusLightWidget",
            "title": "Business Transaction response time is much higher than normal",
            "height": 47,
            "width": 50,
            "x": 24,
            "y": 16,
            "label": null,
            "description": null,
            "drillDownUrl": "{server}/controller/#/location=APP_EVENTSTREAM_LIST&timeRange=last_30_minutes.BEFORE_NOW.-1.-1.30&application=15",
            "useMetricBrowserAsDrillDown": true,
            "backgroundColor": 16777215,
            "backgroundColors": null,
            "backgroundColorsStr": null,
            "color": 4210752,
            "fontSize": 12,
            "useAutomaticFontSize": null,
            "borderEnabled": false,
            "borderThickness": 0,
            "borderColor": 14408667,
            "backgroundAlpha": 1,
            "showValues": false,
            "compactMode": null,
            "showTimeRange": true,
            "renderIn3D": null,
            "showLegend": null,
            "legendPosition": null,
            "legendColumnCount": null,
            "startTime": 0,
            "endTime": 0,
            "minutesBeforeAnchorTime": 30,
            "isGlobal": true,
            "propertiesMap": null,
            "dataSeriesTemplates": null,
            "healthRule": {
                "applicationName": "{app_name}",
                "entityType": "POLICY",
                "entityName": "Business Transaction response time is much higher than normal",
                "scopingEntityType": null,
                "scopingEntityName": null,
                "subtype": null
            }
        },
        {
            "widgetType": "StatusLightWidget",
            "title": "Business Transaction error rate is much higher than normal",
            "height": 46,
            "width": 82,
            "x": 227,
            "y": 17,
            "label": null,
            "description": null,
            "drillDownUrl": "{server}/controller/#/location=APP_EVENTSTREAM_LIST&timeRange=last_30_minutes.BEFORE_NOW.-1.-1.30&application=15",
            "useMetricBrowserAsDrillDown": true,
            "backgroundColor": 16777215,
            "backgroundColors": null,
            "backgroundColorsStr": null,
            "color": 4210752,
            "fontSize": 12,
            "useAutomaticFontSize": null,
            "borderEnabled": false,
            "borderThickness": 0,
            "borderColor": 14408667,
            "backgroundAlpha": 1,
            "showValues": false,
            "compactMode": null,
            "showTimeRange": true,
            "renderIn3D": null,
            "showLegend": null,
            "legendPosition": null,
            "legendColumnCount": null,
            "startTime": 0,
            "endTime": 0,
            "minutesBeforeAnchorTime": 30,
            "isGlobal": true,
            "propertiesMap": null,
            "dataSeriesTemplates": null,
            "healthRule": {
                "applicationName": "{app_name}",
                "entityType": "POLICY",
                "entityName": "Business Transaction error rate is much higher than normal",
                "scopingEntityType": null,
                "scopingEntityName": null,
                "subtype": null
            }
        },
        {
            "widgetType": "GraphWidget",
            "title": null,
            "height": 270,
            "width": 498,
            "x": 3,
            "y": 1183,
            "label": null,
            "description": null,
            "drillDownUrl": null,
            "useMetricBrowserAsDrillDown": true,
            "backgroundColor": 16777215,
            "backgroundColors": null,
            "backgroundColorsStr": "16777215,16777215",
            "color": 4210752,
            "fontSize": 12,
            "useAutomaticFontSize": null,
            "borderEnabled": true,
            "borderThickness": 1,
            "borderColor": 12632256,
            "backgroundAlpha": 1,
            "showValues": false,
            "compactMode": false,
            "showTimeRange": false,
            "renderIn3D": false,
            "showLegend": true,
            "legendPosition": "POSITION_BOTTOM",
            "legendColumnCount": 1,
            "startTime": 0,
            "endTime": 0,
            "minutesBeforeAnchorTime": 15,
            "isGlobal": true,
            "propertiesMap": null,
            "dataSeriesTemplates": [
                {
                    "seriesType": "LINE",
                    "metricType": "INFRASTRUCTURE",
                    "showRawMetricName": false,
                    "colorPalette": null,
                    "name": "Series 3",
                    "metricMatchCriteriaTemplate": {
                        "entityMatchCriteria": {
                            "matchCriteriaType": "AllEntities",
                            "entityType": "APPLICATION_COMPONENT_NODE",
                            "agentTypes": null,
                            "summary": false
                        },
                        "metricExpressionTemplate": {
                            "metricExpressionType": "Logical",
                            "functionType": "VALUE",
                            "relativeMetricPath": "Hardware Resources|CPU|%Busy"
                        },
                        "rollupMetricData": false,
                        "useActiveBaseline": false,
                        "sortResultsAscending": false,
                        "maxResults": 20,
                        "evaluationScopeType": null,
                        "baselineName": null,
                        "applicationName": "{app_name}",
                        "customLegendFormat": ""
                    }
                }
            ],
            "verticalAxisLabel": null,
            "hideHorizontalAxis": true,
            "horizontalAxisLabel": null,
            "axisType": "LINEAR",
            "stackMode": null,
            "showEvents": true,
            "eventFilterTemplate": null
        },
        {
            "widgetType": "TextWidget",
            "title": null,
            "height": 43,
            "width": 501,
            "x": 3,
            "y": 1141,
            "label": null,
            "description": null,
            "drillDownUrl": null,
            "useMetricBrowserAsDrillDown": true,
            "backgroundColor": 14737632,
            "backgroundColors": null,
            "backgroundColorsStr": null,
            "color": 4210752,
            "fontSize": 12,
            "useAutomaticFontSize": null,
            "borderEnabled": true,
            "borderThickness": 1,
            "borderColor": 12632256,
            "backgroundAlpha": 1,
            "showValues": false,
            "compactMode": null,
            "showTimeRange": true,
            "renderIn3D": null,
            "showLegend": null,
            "legendPosition": null,
            "legendColumnCount": null,
            "startTime": null,
            "endTime": null,
            "minutesBeforeAnchorTime": null,
            "isGlobal": null,
            "propertiesMap": null,
            "dataSeriesTemplates": null,
            "text": "&nbsp;&nbsp;&nbsp;CPU - Top 5 Nodes"
        },
        {
            "widgetType": "GraphWidget",
            "title": null,
            "height": 272,
            "width": 525,
            "x": 499,
            "y": 1182,
            "label": null,
            "description": null,
            "drillDownUrl": null,
            "useMetricBrowserAsDrillDown": true,
            "backgroundColor": 16777215,
            "backgroundColors": null,
            "backgroundColorsStr": "16777215,16777215",
            "color": 4210752,
            "fontSize": 12,
            "useAutomaticFontSize": null,
            "borderEnabled": true,
            "borderThickness": 1,
            "borderColor": 12632256,
            "backgroundAlpha": 1,
            "showValues": false,
            "compactMode": false,
            "showTimeRange": false,
            "renderIn3D": false,
            "showLegend": true,
            "legendPosition": "POSITION_BOTTOM",
            "legendColumnCount": 1,
            "startTime": 0,
            "endTime": 0,
            "minutesBeforeAnchorTime": 15,
            "isGlobal": true,
            "propertiesMap": null,
            "dataSeriesTemplates": [
                {
                    "seriesType": "LINE",
                    "metricType": "INFRASTRUCTURE",
                    "showRawMetricName": false,
                    "colorPalette": null,
                    "name": "Series 3",
                    "metricMatchCriteriaTemplate": {
                        "entityMatchCriteria": {
                            "matchCriteriaType": "AllEntities",
                            "entityType": "APPLICATION_COMPONENT_NODE",
                            "agentTypes": null,
                            "summary": false
                        },
                        "metricExpressionTemplate": {
                            "metricExpressionType": "Logical",
                            "functionType": "VALUE",
                            "relativeMetricPath": "Hardware Resources|Memory|Used %"
                        },
                        "rollupMetricData": false,
                        "useActiveBaseline": false,
                        "sortResultsAscending": false,
                        "maxResults": 20,
                        "evaluationScopeType": null,
                        "baselineName": null,
                        "applicationName": "{app_name}",
                        "customLegendFormat": ""
                    }
                }
            ],
            "verticalAxisLabel": null,
            "hideHorizontalAxis": true,
            "horizontalAxisLabel": null,
            "axisType": "LINEAR",
            "stackMode": null,
            "showEvents": true,
            "eventFilterTemplate": null
        },
        {
            "widgetType": "TextWidget",
            "title": null,
            "height": 42,
            "width": 525,
            "x": 498,
            "y": 1141,
            "label": null,
            "description": null,
            "drillDownUrl": null,
            "useMetricBrowserAsDrillDown": true,
            "backgroundColor": 14737632,
            "backgroundColors": null,
            "backgroundColorsStr": null,
            "color": 4210752,
            "fontSize": 12,
            "useAutomaticFontSize": null,
            "borderEnabled": true,
            "borderThickness": 1,
            "borderColor": 12632256,
            "backgroundAlpha": 1,
            "showValues": false,
            "compactMode": null,
            "showTimeRange": true,
            "renderIn3D": null,
            "showLegend": null,
            "legendPosition": null,
            "legendColumnCount": null,
            "startTime": null,
            "endTime": null,
            "minutesBeforeAnchorTime": null,
            "isGlobal": null,
            "propertiesMap": null,
            "dataSeriesTemplates": null,
            "text": "&nbsp;&nbsp;&nbsp;Memory - Top 5 Nodes"
        },
        {
            "widgetType": "TextWidget",
            "title": null,
            "height": 42,
            "width": 525,
            "x": 498,
            "y": 672,
            "label": null,
            "description": null,
            "drillDownUrl": null,
            "useMetricBrowserAsDrillDown": true,
            "backgroundColor": 14737632,
            "backgroundColors": null,
            "backgroundColorsStr": null,
            "color": 4210752,
            "fontSize": 12,
            "useAutomaticFontSize": null,
            "borderEnabled": true,
            "borderThickness": 1,
            "borderColor": 12632256,
            "backgroundAlpha": 1,
            "showValues": false,
            "compactMode": null,
            "showTimeRange": true,
            "renderIn3D": null,
            "showLegend": null,
            "legendPosition": null,
            "legendColumnCount": null,
            "startTime": null,
            "endTime": null,
            "minutesBeforeAnchorTime": null,
            "isGlobal": null,
            "propertiesMap": null,
            "dataSeriesTemplates": null,
            "text": "&nbsp;&nbsp;&nbsp;Exceptions - Top 10"
        },
        {
            "widgetType": "TextWidget",
            "title": null,
            "height": 42,
            "width": 527,
            "x": 497,
            "y": 239,
            "label": null,
            "description": null,
            "drillDownUrl": null,
            "useMetricBrowserAsDrillDown": true,
            "backgroundColor": 14737632,
            "backgroundColors": null,
            "backgroundColorsStr": null,
            "color": 4210752,
            "fontSize": 12,
            "useAutomaticFontSize": null,
            "borderEnabled": true,
            "borderThickness": 1,
            "borderColor": 12632256,
            "backgroundAlpha": 1,
            "showValues": false,
            "compactMode": null,
            "showTimeRange": true,
            "renderIn3D": null,
            "showLegend": null,
            "legendPosition": null,
            "legendColumnCount": null,
            "startTime": null,
            "endTime": null,
            "minutesBeforeAnchorTime": null,
            "isGlobal": null,
            "propertiesMap": null,
            "dataSeriesTemplates": null,
            "text": "&nbsp;Average Response Time - Last 30 mins"
        },
        {
            "widgetType": "TextWidget",
            "title": null,
            "height": 44,
            "width": 527,
            "x": 497,
            "y": 451,
            "label": null,
            "description": null,
            "drillDownUrl": null,
            "useMetricBrowserAsDrillDown": true,
            "backgroundColor": 14737632,
            "backgroundColors": null,
            "backgroundColorsStr": null,
            "color": 4210752,
            "fontSize": 12,
            "useAutomaticFontSize": null,
            "borderEnabled": true,
            "borderThickness": 1,
            "borderColor": 12632256,
            "backgroundAlpha": 1,
            "showValues": false,
            "compactMode": null,
            "showTimeRange": true,
            "renderIn3D": null,
            "showLegend": null,
            "legendPosition": null,
            "legendColumnCount": null,
            "startTime": null,
            "endTime": null,
            "minutesBeforeAnchorTime": null,
            "isGlobal": null,
            "propertiesMap": null,
            "dataSeriesTemplates": null,
            "text": "&nbsp;Average Response Time - Last 1 Week"
        },
        {
            "widgetType": "TextWidget",
            "title": null,
            "height": 42,
            "width": 493,
            "x": 5,
            "y": 239,
            "label": null,
            "description": null,
            "drillDownUrl": null,
            "useMetricBrowserAsDrillDown": true,
            "backgroundColor": 14737632,
            "backgroundColors": null,
            "backgroundColorsStr": null,
            "color": 4210752,
            "fontSize": 12,
            "useAutomaticFontSize": null,
            "borderEnabled": true,
            "borderThickness": 1,
            "borderColor": 12632256,
            "backgroundAlpha": 1,
            "showValues": false,
            "compactMode": null,
            "showTimeRange": true,
            "renderIn3D": null,
            "showLegend": null,
            "legendPosition": null,
            "legendColumnCount": null,
            "startTime": null,
            "endTime": null,
            "minutesBeforeAnchorTime": null,
            "isGlobal": null,
            "propertiesMap": null,
            "dataSeriesTemplates": null,
            "text": "&nbsp;Calls Per Minute - Last 30 mins"
        },
        {
            "widgetType": "TextWidget",
            "title": null,
            "height": 44,
            "width": 493,
            "x": 5,
            "y": 451,
            "label": null,
            "description": null,
            "drillDownUrl": null,
            "useMetricBrowserAsDrillDown": true,
            "backgroundColor": 14737632,
            "backgroundColors": null,
            "backgroundColorsStr": null,
            "color": 4210752,
            "fontSize": 12,
            "useAutomaticFontSize": null,
            "borderEnabled": true,
            "borderThickness": 1,
            "borderColor": 12632256,
            "backgroundAlpha": 1,
            "showValues": false,
            "compactMode": null,
            "showTimeRange": true,
            "renderIn3D": null,
            "showLegend": null,
            "legendPosition": null,
            "legendColumnCount": null,
            "startTime": null,
            "endTime": null,
            "minutesBeforeAnchorTime": null,
            "isGlobal": null,
            "propertiesMap": null,
            "dataSeriesTemplates": null,
            "text": "&nbsp;Calls Per Minute - Last 1 Week"
        },
        {
            "widgetType": "TextWidget",
            "title": null,
            "height": 43,
            "width": 495,
            "x": 4,
            "y": 672,
            "label": null,
            "description": null,
            "drillDownUrl": null,
            "useMetricBrowserAsDrillDown": true,
            "backgroundColor": 14737632,
            "backgroundColors": null,
            "backgroundColorsStr": null,
            "color": 4210752,
            "fontSize": 12,
            "useAutomaticFontSize": null,
            "borderEnabled": true,
            "borderThickness": 1,
            "borderColor": 12632256,
            "backgroundAlpha": 1,
            "showValues": false,
            "compactMode": null,
            "showTimeRange": true,
            "renderIn3D": null,
            "showLegend": null,
            "legendPosition": null,
            "legendColumnCount": null,
            "startTime": null,
            "endTime": null,
            "minutesBeforeAnchorTime": null,
            "isGlobal": null,
            "propertiesMap": null,
            "dataSeriesTemplates": null,
            "text": "&nbsp;Errors Per Minute - Last 30 Mins"
        },
        {
            "widgetType": "TextWidget",
            "title": null,
            "height": 43,
            "width": 495,
            "x": 4,
            "y": 897,
            "label": null,
            "description": null,
            "drillDownUrl": null,
            "useMetricBrowserAsDrillDown": true,
            "backgroundColor": 14737632,
            "backgroundColors": null,
            "backgroundColorsStr": null,
            "color": 4210752,
            "fontSize": 12,
            "useAutomaticFontSize": null,
            "borderEnabled": true,
            "borderThickness": 1,
            "borderColor": 12632256,
            "backgroundAlpha": 1,
            "showValues": false,
            "compactMode": null,
            "showTimeRange": true,
            "renderIn3D": null,
            "showLegend": null,
            "legendPosition": null,
            "legendColumnCount": null,
            "startTime": null,
            "endTime": null,
            "minutesBeforeAnchorTime": null,
            "isGlobal": null,
            "propertiesMap": null,
            "dataSeriesTemplates": null,
            "text": "&nbsp;Errors Per Minute - Last 1 Week"
        }
    ],
    "template": false,
    "warRoom": false
}