{
    "schemaVersion": null,
    "dashboardFormatVersion": "3.0",
    "name": "{app_name} - Tier Detail",
    "description": null,
    "properties": null,
    "templateEntityType": "APPLICATION_COMPONENT_NODE",
    "associatedEntityTemplates": null,
    "minutesBeforeAnchorTime": 60,
    "startDate": null,
    "endDate": null,
    "refreshInterval": 120000,
    "backgroundColor": "{form_backgound}",
    "color": 15395562,
    "height": "{dashboard_height}",
    "width": 1600,
    "canvasType": "CANVAS_TYPE_ABSOLUTE",
    "layoutType": "",
    "widgetTemplates": [
        {
            "widgetType": "TextWidget",
            "title": null,
            "height": 38,
            "width": 400,
            "x": 24,
            "y": 30,
            "label": null,
            "description": null,
            "drillDownUrl": null,
            "useMetricBrowserAsDrillDown": false,
            "backgroundColor": "{background_color}",
            "backgroundColors": null,
            "backgroundColorsStr": null,
            "color": "{text_color}",
            "fontSize": 13,
            "useAutomaticFontSize": false,
            "borderEnabled": true,
            "borderThickness": 1,
            "borderColor": 3342336,
            "backgroundAlpha": 1,
            "showValues": false,
            "compactMode": false,
            "showTimeRange": false,
            "renderIn3D": false,
            "showLegend": null,
            "legendPosition": null,
            "legendColumnCount": null,
            "startTime": null,
            "endTime": null,
            "minutesBeforeAnchorTime": 15,
            "isGlobal": true,
            "propertiesMap": null,
            "dataSeriesTemplates": null,
            "text": "<p align=\"center\">Tier Name</p>"
        },
        {
            "widgetType": "TextWidget",
            "title": null,
            "height": 38,
            "width": 150,
            "x": 423,
            "y": 30,
            "label": null,
            "description": null,
            "drillDownUrl": null,
            "useMetricBrowserAsDrillDown": false,
            "backgroundColor": "{background_color}",
            "backgroundColors": null,
            "backgroundColorsStr": null,
            "color": "{text_color}",
            "fontSize": 13,
            "useAutomaticFontSize": false,
            "borderEnabled": true,
            "borderThickness": 1,
            "borderColor": 3342336,
            "backgroundAlpha": 1,
            "showValues": false,
            "compactMode": false,
            "showTimeRange": false,
            "renderIn3D": false,
            "showLegend": null,
            "legendPosition": null,
            "legendColumnCount": null,
            "startTime": null,
            "endTime": null,
            "minutesBeforeAnchorTime": 15,
            "isGlobal": true,
            "propertiesMap": null,
            "dataSeriesTemplates": null,
            "text": "<p align=\"center\">Average Response<br>Time (ms)</p>"
        },
        {
            "widgetType": "TextWidget",
            "title": null,
            "height": 38,
            "width": 150,
            "x": 572,
            "y": 30,
            "label": null,
            "description": null,
            "drillDownUrl": null,
            "useMetricBrowserAsDrillDown": false,
            "backgroundColor": "{background_color}",
            "backgroundColors": null,
            "backgroundColorsStr": null,
            "color": "{text_color}",
            "fontSize": 13,
            "useAutomaticFontSize": false,
            "borderEnabled": true,
            "borderThickness": 1,
            "borderColor": 3342336,
            "backgroundAlpha": 1,
            "showValues": false,
            "compactMode": false,
            "showTimeRange": false,
            "renderIn3D": false,
            "showLegend": null,
            "legendPosition": null,
            "legendColumnCount": null,
            "startTime": null,
            "endTime": null,
            "minutesBeforeAnchorTime": 15,
            "isGlobal": true,
            "propertiesMap": null,
            "dataSeriesTemplates": null,
            "text": "<p align=\"center\">Calls per Minute</p>"
        },
        {
            "widgetType": "TextWidget",
            "title": null,
            "height": 38,
            "width": 150,
            "x": 721,
            "y": 30,
            "label": null,
            "description": null,
            "drillDownUrl": null,
            "useMetricBrowserAsDrillDown": false,
            "backgroundColor": "{background_color}",
            "backgroundColors": null,
            "backgroundColorsStr": null,
            "color": "{text_color}",
            "fontSize": 13,
            "useAutomaticFontSize": false,
            "borderEnabled": true,
            "borderThickness": 1,
            "borderColor": 3342336,
            "backgroundAlpha": 1,
            "showValues": false,
            "compactMode": false,
            "showTimeRange": false,
            "renderIn3D": false,
            "showLegend": null,
            "legendPosition": null,
            "legendColumnCount": null,
            "startTime": null,
            "endTime": null,
            "minutesBeforeAnchorTime": 15,
            "isGlobal": true,
            "propertiesMap": null,
            "dataSeriesTemplates": null,
            "text": "<p align=\"center\">Errors per Minute</p>"
        },
        {
            "widgetType": "TextWidget",
            "title": null,
            "height": 38,
            "width": 150,
            "x": 870,
            "y": 30,
            "label": null,
            "description": null,
            "drillDownUrl": null,
            "useMetricBrowserAsDrillDown": false,
            "backgroundColor": "{background_color}",
            "backgroundColors": null,
            "backgroundColorsStr": null,
            "color": "{text_color}",
            "fontSize": 13,
            "useAutomaticFontSize": false,
            "borderEnabled": true,
            "borderThickness": 1,
            "borderColor": 3342336,
            "backgroundAlpha": 1,
            "showValues": false,
            "compactMode": false,
            "showTimeRange": false,
            "renderIn3D": false,
            "showLegend": null,
            "legendPosition": null,
            "legendColumnCount": null,
            "startTime": null,
            "endTime": null,
            "minutesBeforeAnchorTime": 15,
            "isGlobal": true,
            "propertiesMap": null,
            "dataSeriesTemplates": null,
            "text": "<p align=\"center\">Number of<br>Slow Calls</p>"
        },
        {
            "widgetType": "TextWidget",
            "title": null,
            "height": 38,
            "width": 150,
            "x": 1019,
            "y": 30,
            "label": null,
            "description": null,
            "drillDownUrl": null,
            "useMetricBrowserAsDrillDown": false,
            "backgroundColor": "{background_color}",
            "backgroundColors": null,
            "backgroundColorsStr": null,
            "color": "{text_color}",
            "fontSize": 13,
            "useAutomaticFontSize": false,
            "borderEnabled": true,
            "borderThickness": 1,
            "borderColor": 3342336,
            "backgroundAlpha": 1,
            "showValues": false,
            "compactMode": false,
            "showTimeRange": false,
            "renderIn3D": false,
            "showLegend": null,
            "legendPosition": null,
            "legendColumnCount": null,
            "startTime": null,
            "endTime": null,
            "minutesBeforeAnchorTime": 15,
            "isGlobal": true,
            "propertiesMap": null,
            "dataSeriesTemplates": null,
            "text": "<p align=\"center\">Number of<br>Very Slow Calls</p>"
        },
        {
            "widgetType": "TextWidget",
            "title": null,
            "height": 38,
            "width": 150,
            "x": 1168,
            "y": 30,
            "label": null,
            "description": null,
            "drillDownUrl": null,
            "useMetricBrowserAsDrillDown": false,
            "backgroundColor": "{background_color}",
            "backgroundColors": null,
            "backgroundColorsStr": null,
            "color": "{text_color}",
            "fontSize": 13,
            "useAutomaticFontSize": false,
            "borderEnabled": true,
            "borderThickness": 1,
            "borderColor": 3342336,
            "backgroundAlpha": 1,
            "showValues": false,
            "compactMode": false,
            "showTimeRange": false,
            "renderIn3D": false,
            "showLegend": null,
            "legendPosition": null,
            "legendColumnCount": null,
            "startTime": null,
            "endTime": null,
            "minutesBeforeAnchorTime": 15,
            "isGlobal": true,
            "propertiesMap": null,
            "dataSeriesTemplates": null,
            "text": "<p align=\"center\">Stall Count</p>"
        }
    ],
    "template": false,
    "warRoom": false
}