 [
    {
        "widgetType": "TextWidget",
        "title": null,
        "height": 25,
        "width": 400,
        "x": 24,
        "y": "{row_y}",
        "label": null,
        "description": null,
        "drillDownUrl": null,
        "useMetricBrowserAsDrillDown": false,
        "backgroundColor": "{background_color}",
        "backgroundColors": null,
        "backgroundColorsStr": null,
        "color": "{text_color}",
        "fontSize": 12,
        "useAutomaticFontSize": false,
        "borderEnabled": true,
        "borderThickness": 1,
        "borderColor": 3342336,
        "backgroundAlpha": 1,
        "showValues": false,
        "compactMode": false,
        "showTimeRange": false,
        "renderIn3D": false,
        "showLegend": null,
        "legendPosition": null,
        "legendColumnCount": null,
        "startTime": null,
        "endTime": null,
        "minutesBeforeAnchorTime": 15,
        "isGlobal": true,
        "propertiesMap": null,
        "dataSeriesTemplates": null,
        "text": "&nbsp;&nbsp;{tier_name}"
    },
    {
        "widgetType": "MetricLabelWidget",
        "title": "",
        "height": 25,
        "width": 150,
        "x": 423,
        "y": "{row_y}",
        "label": "${v}",
        "description": null,
        "drillDownUrl": null,
        "useMetricBrowserAsDrillDown": true,
        "backgroundColor": "{background_color}",
        "backgroundColors": null,
        "backgroundColorsStr": "16777215,16777215",
        "color": "{text_color}",
        "fontSize": 12,
        "useAutomaticFontSize": false,
        "borderEnabled": true,
        "borderThickness": 1,
        "borderColor": 3342336,
        "backgroundAlpha": 1,
        "showValues": false,
        "compactMode": false,
        "showTimeRange": false,
        "renderIn3D": false,
        "showLegend": null,
        "legendPosition": null,
        "legendColumnCount": null,
        "startTime": null,
        "endTime": null,
        "minutesBeforeAnchorTime": 15,
        "isGlobal": true,
        "propertiesMap": null,
        "dataSeriesTemplates": [
            {
                "seriesType": null,
                "metricType": null,
                "showRawMetricName": null,
                "colorPalette": null,
                "name": "metric label criteria",
                "metricMatchCriteriaTemplate": {
                    "entityMatchCriteria": null,
                    "metricExpressionTemplate": {
                        "metricExpressionType": "Absolute",
                        "functionType": "VALUE",
                        "displayName": "Overall Application Performance|{tier_name}|Average Response Time (ms)",
                        "metricPath": "Overall Application Performance|{tier_name}|Average Response Time (ms)",
                        "scopeEntity": {
                            "applicationName": "{app_name}",
                            "entityType": "APPLICATION_COMPONENT",
                            "entityName": "{tier_name}",
                            "scopingEntityType": null,
                            "scopingEntityName": null,
                            "subtype": null
                        }
                    },
                    "rollupMetricData": true,
                    "expressionString": null,
                    "useActiveBaseline": false,
                    "sortResultsAscending": null,
                    "maxResults": null,
                    "evaluationScopeType": null,
                    "baselineName": null,
                    "applicationName": "{app_name}",
                    "metricDisplayNameStyle": "DISPLAY_STYLE_AUTO",
                    "metricDisplayNameCustomFormat": null
                },
                "axisPosition": null
            }
        ],
        "text": null
    },
    {
        "widgetType": "MetricLabelWidget",
        "title": "",
        "height": 25,
        "width": 150,
        "x": 572,
        "y": "{row_y}",
        "label": "${v}",
        "description": null,
        "drillDownUrl": null,
        "useMetricBrowserAsDrillDown": true,
        "backgroundColor": "{background_color}",
        "backgroundColors": null,
        "backgroundColorsStr": "16777215,16777215",
        "color": "{text_color}",
        "fontSize": 12,
        "useAutomaticFontSize": false,
        "borderEnabled": true,
        "borderThickness": 1,
        "borderColor": 3342336,
        "backgroundAlpha": 1,
        "showValues": false,
        "compactMode": false,
        "showTimeRange": false,
        "renderIn3D": false,
        "showLegend": null,
        "legendPosition": null,
        "legendColumnCount": null,
        "startTime": null,
        "endTime": null,
        "minutesBeforeAnchorTime": 15,
        "isGlobal": true,
        "propertiesMap": null,
        "dataSeriesTemplates": [
            {
                "seriesType": null,
                "metricType": null,
                "showRawMetricName": null,
                "colorPalette": null,
                "name": "metric label criteria",
                "metricMatchCriteriaTemplate": {
                    "entityMatchCriteria": null,
                    "metricExpressionTemplate": {
                        "metricExpressionType": "Absolute",
                        "functionType": "VALUE",
                        "displayName": "Overall Application Performance|{tier_name}|Calls per Minute",
                        "metricPath": "Overall Application Performance|{tier_name}|Calls per Minute",
                        "scopeEntity": {
                            "applicationName": "{app_name}",
                            "entityType": "APPLICATION_COMPONENT",
                            "entityName": "{tier_name}",
                            "scopingEntityType": null,
                            "scopingEntityName": null,
                            "subtype": null
                        }
                    },
                    "rollupMetricData": true,
                    "expressionString": null,
                    "useActiveBaseline": false,
                    "sortResultsAscending": null,
                    "maxResults": null,
                    "evaluationScopeType": null,
                    "baselineName": null,
                    "applicationName": "{app_name}",
                    "metricDisplayNameStyle": "DISPLAY_STYLE_AUTO",
                    "metricDisplayNameCustomFormat": null
                },
                "axisPosition": null
            }
        ],
        "text": null
    },
    {
        "widgetType": "MetricLabelWidget",
        "title": "",
        "height": 25,
        "width": 150,
        "x": 721,
        "y": "{row_y}",
        "label": "${v}",
        "description": null,
        "drillDownUrl": null,
        "useMetricBrowserAsDrillDown": true,
        "backgroundColor": "{background_color}",
        "backgroundColors": null,
        "backgroundColorsStr": "16777215,16777215",
        "color": "{text_color}",
        "fontSize": 12,
        "useAutomaticFontSize": false,
        "borderEnabled": true,
        "borderThickness": 1,
        "borderColor": 3342336,
        "backgroundAlpha": 1,
        "showValues": false,
        "compactMode": false,
        "showTimeRange": false,
        "renderIn3D": false,
        "showLegend": null,
        "legendPosition": null,
        "legendColumnCount": null,
        "startTime": null,
        "endTime": null,
        "minutesBeforeAnchorTime": 15,
        "isGlobal": true,
        "propertiesMap": null,
        "dataSeriesTemplates": [
            {
                "seriesType": null,
                "metricType": null,
                "showRawMetricName": null,
                "colorPalette": null,
                "name": "metric label criteria",
                "metricMatchCriteriaTemplate": {
                    "entityMatchCriteria": null,
                    "metricExpressionTemplate": {
                        "metricExpressionType": "Absolute",
                        "functionType": "VALUE",
                        "displayName": "Overall Application Performance|{tier_name}|Errors per Minute",
                        "metricPath": "Overall Application Performance|{tier_name}|Errors per Minute",
                        "scopeEntity": {
                            "applicationName": "{app_name}",
                            "entityType": "APPLICATION_COMPONENT",
                            "entityName": "{tier_name}",
                            "scopingEntityType": null,
                            "scopingEntityName": null,
                            "subtype": null
                        }
                    },
                    "rollupMetricData": true,
                    "expressionString": null,
                    "useActiveBaseline": false,
                    "sortResultsAscending": null,
                    "maxResults": null,
                    "evaluationScopeType": null,
                    "baselineName": null,
                    "applicationName": "{app_name}",
                    "metricDisplayNameStyle": "DISPLAY_STYLE_AUTO",
                    "metricDisplayNameCustomFormat": null
                },
                "axisPosition": null
            }
        ],
        "text": null
    },
    {
        "widgetType": "MetricLabelWidget",
        "title": "",
        "height": 25,
        "width": 150,
        "x": 870,
        "y": "{row_y}",
        "label": "${v}",
        "description": null,
        "drillDownUrl": null,
        "useMetricBrowserAsDrillDown": true,
        "backgroundColor": "{background_color}",
        "backgroundColors": null,
        "backgroundColorsStr": "16777215,16777215",
        "color": "{text_color}",
        "fontSize": 12,
        "useAutomaticFontSize": false,
        "borderEnabled": true,
        "borderThickness": 1,
        "borderColor": 3342336,
        "backgroundAlpha": 1,
        "showValues": false,
        "compactMode": false,
        "showTimeRange": false,
        "renderIn3D": false,
        "showLegend": null,
        "legendPosition": null,
        "legendColumnCount": null,
        "startTime": null,
        "endTime": null,
        "minutesBeforeAnchorTime": 15,
        "isGlobal": true,
        "propertiesMap": null,
        "dataSeriesTemplates": [
            {
                "seriesType": null,
                "metricType": null,
                "showRawMetricName": null,
                "colorPalette": null,
                "name": "metric label criteria",
                "metricMatchCriteriaTemplate": {
                    "entityMatchCriteria": null,
                    "metricExpressionTemplate": {
                        "metricExpressionType": "Absolute",
                        "functionType": "VALUE",
                        "displayName": "Overall Application Performance|{tier_name}|Number of Slow Calls",
                        "metricPath": "Overall Application Performance|{tier_name}|Number of Slow Calls",
                        "scopeEntity": {
                            "applicationName": "{app_name}",
                            "entityType": "APPLICATION_COMPONENT",
                            "entityName": "{tier_name}",
                            "scopingEntityType": null,
                            "scopingEntityName": null,
                            "subtype": null
                        }
                    },
                    "rollupMetricData": true,
                    "expressionString": null,
                    "useActiveBaseline": false,
                    "sortResultsAscending": null,
                    "maxResults": null,
                    "evaluationScopeType": null,
                    "baselineName": null,
                    "applicationName": "{app_name}",
                    "metricDisplayNameStyle": "DISPLAY_STYLE_AUTO",
                    "metricDisplayNameCustomFormat": null
                },
                "axisPosition": null
            }
        ],
        "text": null
    },
    {
        "widgetType": "MetricLabelWidget",
        "title": "",
        "height": 25,
        "width": 150,
        "x": 1019,
        "y": "{row_y}",
        "label": "${v}",
        "description": null,
        "drillDownUrl": null,
        "useMetricBrowserAsDrillDown": true,
        "backgroundColor": "{background_color}",
        "backgroundColors": null,
        "backgroundColorsStr": "16777215,16777215",
        "color": "{text_color}",
        "fontSize": 12,
        "useAutomaticFontSize": false,
        "borderEnabled": true,
        "borderThickness": 1,
        "borderColor": 3342336,
        "backgroundAlpha": 1,
        "showValues": false,
        "compactMode": false,
        "showTimeRange": false,
        "renderIn3D": false,
        "showLegend": null,
        "legendPosition": null,
        "legendColumnCount": null,
        "startTime": null,
        "endTime": null,
        "minutesBeforeAnchorTime": 15,
        "isGlobal": true,
        "propertiesMap": null,
        "dataSeriesTemplates": [
            {
                "seriesType": null,
                "metricType": null,
                "showRawMetricName": null,
                "colorPalette": null,
                "name": "metric label criteria",
                "metricMatchCriteriaTemplate": {
                    "entityMatchCriteria": null,
                    "metricExpressionTemplate": {
                        "metricExpressionType": "Absolute",
                        "functionType": "VALUE",
                        "displayName": "Overall Application Performance|{tier_name}|Number of Very Slow Calls",
                        "metricPath": "Overall Application Performance|{tier_name}|Number of Very Slow Calls",
                        "scopeEntity": {
                            "applicationName": "{app_name}",
                            "entityType": "APPLICATION_COMPONENT",
                            "entityName": "{tier_name}",
                            "scopingEntityType": null,
                            "scopingEntityName": null,
                            "subtype": null
                        }
                    },
                    "rollupMetricData": true,
                    "expressionString": null,
                    "useActiveBaseline": false,
                    "sortResultsAscending": null,
                    "maxResults": null,
                    "evaluationScopeType": null,
                    "baselineName": null,
                    "applicationName": "{app_name}",
                    "metricDisplayNameStyle": "DISPLAY_STYLE_AUTO",
                    "metricDisplayNameCustomFormat": null
                },
                "axisPosition": null
            }
        ],
        "text": null
    },
    {
        "widgetType": "MetricLabelWidget",
        "title": "",
        "height": 25,
        "width": 150,
        "x": 1168,
        "y": "{row_y}",
        "label": "${v}",
        "description": null,
        "drillDownUrl": null,
        "useMetricBrowserAsDrillDown": true,
        "backgroundColor": "{background_color}",
        "backgroundColors": null,
        "backgroundColorsStr": "16777215,16777215",
        "color": "{text_color}",
        "fontSize": 12,
        "useAutomaticFontSize": false,
        "borderEnabled": true,
        "borderThickness": 1,
        "borderColor": 3342336,
        "backgroundAlpha": 1,
        "showValues": false,
        "compactMode": false,
        "showTimeRange": false,
        "renderIn3D": false,
        "showLegend": null,
        "legendPosition": null,
        "legendColumnCount": null,
        "startTime": null,
        "endTime": null,
        "minutesBeforeAnchorTime": 15,
        "isGlobal": true,
        "propertiesMap": null,
        "dataSeriesTemplates": [
            {
                "seriesType": null,
                "metricType": null,
                "showRawMetricName": null,
                "colorPalette": null,
                "name": "metric label criteria",
                "metricMatchCriteriaTemplate": {
                    "entityMatchCriteria": null,
                    "metricExpressionTemplate": {
                        "metricExpressionType": "Absolute",
                        "functionType": "VALUE",
                        "displayName": "Overall Application Performance|{tier_name}|Stall Count",
                        "metricPath": "Overall Application Performance|{tier_name}|Stall Count",
                        "scopeEntity": {
                            "applicationName": "{app_name}",
                            "entityType": "APPLICATION_COMPONENT",
                            "entityName": "{tier_name}",
                            "scopingEntityType": null,
                            "scopingEntityName": null,
                            "subtype": null
                        }
                    },
                    "rollupMetricData": true,
                    "expressionString": null,
                    "useActiveBaseline": false,
                    "sortResultsAscending": null,
                    "maxResults": null,
                    "evaluationScopeType": null,
                    "baselineName": null,
                    "applicationName": "{app_name}",
                    "metricDisplayNameStyle": "DISPLAY_STYLE_AUTO",
                    "metricDisplayNameCustomFormat": null
                },
                "axisPosition": null
            }
        ],
        "text": null
    }
]