{
    "schemaVersion": null,
    "dashboardFormatVersion": "3.0",
    "name": "{app_name} - Executive Dashboard",
    "description": null,
    "properties": null,
    "templateEntityType": "APPLICATION_COMPONENT_NODE",
    "associatedEntityTemplates": null,
    "minutesBeforeAnchorTime": 15,
    "startDate": null,
    "endDate": null,
    "refreshInterval": 120000,
    "backgroundColor": "{form_backgound}",
    "color": 2434341,
    "height": "{dashboard_height}",
    "width": "{dashboard_width}",
    "canvasType": "CANVAS_TYPE_ABSOLUTE",
    "layoutType": "",
    "widgetTemplates": null,
    "template": false,
    "warRoom": false
}