[
    {
        "widgetType": "ImageWidget",
        "title": null,
        "height": 63,
        "width": 53,
        "x": 67,
        "y": "{image_y}",
        "label": null,
        "description": null,
        "drillDownUrl": null,
        "useMetricBrowserAsDrillDown": true,
        "backgroundColor": 16777215,
        "backgroundColors": null,
        "backgroundColorsStr": "16777215,16777215",
        "color": 4210752,
        "fontSize": 12,
        "useAutomaticFontSize": false,
        "borderEnabled": false,
        "borderThickness": 0,
        "borderColor": 14408667,
        "backgroundAlpha": 0,
        "showValues": false,
        "compactMode": false,
        "showTimeRange": false,
        "renderIn3D": false,
        "showLegend": null,
        "legendPosition": null,
        "legendColumnCount": null,
        "startTime": null,
        "endTime": null,
        "minutesBeforeAnchorTime": 15,
        "isGlobal": true,
        "propertiesMap": null,
        "dataSeriesTemplates": null,
        "imageURL": "{icon_url}"
    },
    {
        "widgetType": "TextWidget",
        "title": null,
        "height": 27,
        "width": 192,
        "x": 139,
        "y": "{label_y}",
        "label": null,
        "description": null,
        "drillDownUrl": null,
        "useMetricBrowserAsDrillDown": false,
        "backgroundColor": "{form_backgound}",
        "backgroundColors": null,
        "backgroundColorsStr": "16777215,16777215",
        "color": "{text_color}",
        "fontSize": 16,
        "useAutomaticFontSize": false,
        "borderEnabled": false,
        "borderThickness": 0,
        "borderColor": 14408667,
        "backgroundAlpha": 1,
        "showValues": false,
        "compactMode": false,
        "showTimeRange": false,
        "renderIn3D": false,
        "showLegend": null,
        "legendPosition": null,
        "legendColumnCount": null,
        "startTime": null,
        "endTime": null,
        "minutesBeforeAnchorTime": 15,
        "isGlobal": true,
        "propertiesMap": null,
        "dataSeriesTemplates": null,
        "text": "{flow_name}"
    }, 
    {
        "widgetType": "ImageWidget",
        "title": null,
        "height": 36,
        "width": 36,
        "x": 322,
        "y": "{nextImage_y}",
        "label": null,
        "description": null,
        "drillDownUrl": null,
        "useMetricBrowserAsDrillDown": true,
        "backgroundColor": 16777215,
        "backgroundColors": null,
        "backgroundColorsStr": "16777215,16777215",
        "color": 4210752,
        "fontSize": 12,
        "useAutomaticFontSize": false,
        "borderEnabled": false,
        "borderThickness": 0,
        "borderColor": 14408667,
        "backgroundAlpha": 0,
        "showValues": false,
        "compactMode": false,
        "showTimeRange": false,
        "renderIn3D": false,
        "showLegend": null,
        "legendPosition": null,
        "legendColumnCount": null,
        "startTime": null,
        "endTime": null,
        "minutesBeforeAnchorTime": 15,
        "isGlobal": true,
        "propertiesMap": null,
        "dataSeriesTemplates": null,
        "imageURL": "data:image/svg+xml;utf8,<svg xmlns=\"http://www.w3.org/2000/svg\" xmlns:xlink=\"http://www.w3.org/1999/xlink\"><line x1=\"10\" y1=\"10\" x2=\"20\" y2=\"21\" style=\"stroke:{arrowColor_hex};stroke-width:4\" /><line x1=\"10\" y1=\"30\" x2=\"20\" y2=\"19\" style=\"stroke:{arrowColor_hex};stroke-width:4\" /><line x1=\"23\" y1=\"10\" x2=\"33\" y2=\"21\" style=\"stroke:{arrowColor_hex};stroke-width:4\" /><line x1=\"23\" y1=\"30\" x2=\"33\" y2=\"19\" style=\"stroke:{arrowColor_hex};stroke-width:4\" /></svg>"
    }
]