[
	{
        "widgetType": "StatusLightWidget",
        "title": null,
        "height": 130,
        "width": 130,
        "x": "{stoplight_x}",
        "y": "{stoplight_y}",
        "label": null,
        "description": "{stoplight_y_name}",
        "drillDownUrl": null,
        "useMetricBrowserAsDrillDown": false,
        "backgroundColor": 16777215,
        "backgroundColors": null,
        "backgroundColorsStr": "16777215,16777215",
        "color": 4210752,
        "fontSize": 12,
        "useAutomaticFontSize": false,
        "borderEnabled": false,
        "borderThickness": 0,
        "borderColor": 14408667,
        "backgroundAlpha": 0,
        "showValues": false,
        "compactMode": false,
        "showTimeRange": false,
        "renderIn3D": false,
        "showLegend": null,
        "legendPosition": null,
        "legendColumnCount": null,
        "startTime": null,
        "endTime": null,
        "minutesBeforeAnchorTime": 15,
        "isGlobal": true,
        "propertiesMap": null,
        "dataSeriesTemplates": null,
        "healthRule": {
            "applicationName": "{app_name}",
            "entityType": "POLICY",
            "entityName": "{hr_name}",
            "scopingEntityType": null,
            "scopingEntityName": null,
            "subtype": null
        }
    },
    {
        "widgetType": "ImageWidget",
        "title": null,
        "height": 115,
        "width": 115,
        "x": "{stoplight_overlay_x}",
        "y": "{stoplight_overlay_y}",
        "label": null,
        "description": null,
        "drillDownUrl": null,
        "useMetricBrowserAsDrillDown": true,
        "backgroundColor": 16777215,
        "backgroundColors": null,
        "backgroundColorsStr": "16777215,16777215",
        "color": 4210752,
        "fontSize": 12,
        "useAutomaticFontSize": false,
        "borderEnabled": false,
        "borderThickness": 0,
        "borderColor": 14408667,
        "backgroundAlpha": 0,
        "showValues": false,
        "compactMode": false,
        "showTimeRange": false,
        "renderIn3D": false,
        "showLegend": null,
        "legendPosition": null,
        "legendColumnCount": null,
        "startTime": null,
        "endTime": null,
        "minutesBeforeAnchorTime": 15,
        "isGlobal": true,
        "propertiesMap": null,
        "dataSeriesTemplates": null,
        "imageURL": "data:image/svg+xml;utf8,<svg xmlns=\"http://www.w3.org/2000/svg\" xmlns:xlink=\"http://www.w3.org/1999/xlink\"><circle cx=\"57\" cy=\"58\" r=\"55\" fill=\"{backgroundColor_hex}\" /></svg>"
    },
    {
        "widgetType": "TextWidget",
        "title": null,
        "height": 35,
        "width": 101,
        "x": "{label_x}",
        "y": "{label_y}",
        "label": null,
        "description": null,
        "drillDownUrl": null,
        "useMetricBrowserAsDrillDown": false,
        "backgroundColor": "{form_backgound}",
        "backgroundColors": null,
        "backgroundColorsStr": "16777215,16777215",
        "color": "{text_color}",
        "fontSize": 14,
        "useAutomaticFontSize": false,
        "borderEnabled": false,
        "borderThickness": 0,
        "borderColor": 14408667,
        "backgroundAlpha": 1,
        "showValues": false,
        "compactMode": false,
        "showTimeRange": false,
        "renderIn3D": false,
        "showLegend": null,
        "legendPosition": null,
        "legendColumnCount": null,
        "startTime": null,
        "endTime": null,
        "minutesBeforeAnchorTime": 15,
        "isGlobal": true,
        "propertiesMap": null,
        "dataSeriesTemplates": null,
        "text": "<p align='center'>{step_name}</p>"
    },
        {
        "widgetType": "ImageWidget",
        "title": null,
        "height": "{arrow_image_height}",
        "width": "{arrow_image_height}",
        "x": "{arrow_image_x}",
        "y": "{arrow_image_y}",
        "label": null,
        "description": null,
        "drillDownUrl": null,
        "useMetricBrowserAsDrillDown": true,
        "backgroundColor": 16777215,
        "backgroundColors": null,
        "backgroundColorsStr": "16777215,16777215",
        "color": 4210752,
        "fontSize": 12,
        "useAutomaticFontSize": false,
        "borderEnabled": false,
        "borderThickness": 0,
        "borderColor": 14408667,
        "backgroundAlpha": 0,
        "showValues": false,
        "compactMode": false,
        "showTimeRange": false,
        "renderIn3D": false,
        "showLegend": null,
        "legendPosition": null,
        "legendColumnCount": null,
        "startTime": null,
        "endTime": null,
        "minutesBeforeAnchorTime": 15,
        "isGlobal": true,
        "propertiesMap": null,
        "dataSeriesTemplates": null,
        "imageURL": "data:image/svg+xml;utf8,<svg xmlns=\"http://www.w3.org/2000/svg\" xmlns:xlink=\"http://www.w3.org/1999/xlink\"><line x1=\"2\" y1=\"14\" x2=\"24\" y2=\"14\" style=\"stroke:{arrowColor_hex};stroke-width:3\" /><line x1=\"13\" y1=\"4\" x2=\"25\" y2=\"15\" style=\"stroke:{arrowColor_hex};stroke-width:3\" /><line x1=\"13\" y1=\"24\" x2=\"25\" y2=\"13\" style=\"stroke:{arrowColor_hex};stroke-width:3\" /></svg>"
    },
    {
        "widgetType": "ImageWidget",
        "title": null,
        "height": "{circle_image_height}",
        "width": "{circle_image_height}",
        "x": "{arrow_image_x}",
        "y": "{arrow_image_y}",
        "label": null,
        "description": null,
        "drillDownUrl": null,
        "useMetricBrowserAsDrillDown": true,
        "backgroundColor": 16777215,
        "backgroundColors": null,
        "backgroundColorsStr": "16777215,16777215",
        "color": 4210752,
        "fontSize": 12,
        "useAutomaticFontSize": false,
        "borderEnabled": false,
        "borderThickness": 0,
        "borderColor": 14408667,
        "backgroundAlpha": 0,
        "showValues": false,
        "compactMode": false,
        "showTimeRange": false,
        "renderIn3D": false,
        "showLegend": null,
        "legendPosition": null,
        "legendColumnCount": null,
        "startTime": null,
        "endTime": null,
        "minutesBeforeAnchorTime": 15,
        "isGlobal": true,
        "propertiesMap": null,
        "dataSeriesTemplates": null,
        "imageURL": "data:image/svg+xml;utf8,<svg xmlns=\"http://www.w3.org/2000/svg\" xmlns:xlink=\"http://www.w3.org/1999/xlink\"><circle cx=\"13\" cy=\"15\" r=\"10\" stroke=\"{arrowColor_hex}\" stroke-width=\"3\" fill=\"{backgroundColor_hex}\" /></svg>"
    }
]