{
"samples":[
		{"id":1,"name":"OPs - Java Sample 1","path":"/samples/opssample1java","hasHealthRules":true,"hasDashboard" : true,"description":"Overal App Performance. Adds two health rules which monitor Application Health and Node Health for Java.", "themes": [1,2]},
		{"id":2,"name":"OPs - .NET Sample 1","path":"/samples/opssample1net","hasHealthRules":true,"hasDashboard" : true,"description":"Overal App Performance. Adds two health rules which monitor Application Health and Node Health for .NET", "themes": [1,2]},
		{"id":3,"name":"OPs - Sample 2","path":"/samples/opssample2","hasHealthRules":false,"hasDashboard" : true,"description":"This sample Absolute Layout dashboard provides key metrics for an Application, including Response Time, Errors, and Calls. The key metrics are shown as a chart with baseline, and the aggregate value is shown as a number. Status lights indicate the Response Time and Error health of the target application. You would have to clean up some of the specific references e.g. to AppDynamics and ECommerce.", "themes": [1,2]},
		{"id":4,"name":"OPs - Sample 3","path":"/samples/opssample3","hasHealthRules":false,"hasDashboard" : true,"description":"This dashboard delves deep into the performance of individual nodes present in the system.", "themes": [1,2]},
		{"id":5,"name":"OPs - Sample 4","path":"/samples/opssample4","hasHealthRules":false,"hasDashboard" : true,"description":"Overal App Performance", "themes": [1,2]},
		{"id":6,"name":"Exec Dashboard 1","path":"/samples/exec","hasHealthRules":false,"hasDashboard" : true,"description":"High Level Executive Dashboard","themes": [1,2], "categories": [3],"showWizard":true,"loadHealthRules": true,"isDynamic":true},
		{"id":7,"name":"Dev - Sample 1","path":"/samples/dev1","hasHealthRules":false,"hasDashboard" : true,"description":"This sample dashboard is targeted primarily for Development teams, enabling them to track the performance status of their code broken down by Business Transactions.", "themes": [1,2]},
		{"id":8,"name":"BT - Sample 1","path":"/samples/btsample1","hasHealthRules":false,"btSelection": 1,"hasDashboard" : true,"description":"This sample dashboard provides key metrics for a Business Transaction, including Calls, Response Time, Errors, and Slow, Very Slow, and Stall count. Good for scheduled reports.", "themes": [1,2]},
		{"id":9,"name":"Application - Sample 1 - Memory","path":"/samples/style_1_app_mem","hasHealthRules":false,"hasDashboard" : true,"description":"Application Memory", "themes": [1,2]},
		{"id":10,"name":"Application - Sample 1 - OS ","path":"/samples/style_1_app_os_perf","hasHealthRules":false,"hasDashboard" : true,"description":"OS Metrics", "themes": [1,2]},
		{"id":11,"name":"Application - Sample 1 - Performance","path":"/samples/style_1_app_perf","hasHealthRules":false,"hasDashboard" : true,"description":"Application Performance", "themes": [1,2]},
		{"id":12,"name":"Overall Application Health","path":"/samples/overallapphealth","hasHealthRules":false,"hasDashboard" : true,"description":"Overall Application Health Dashboard", "themes": [1,2]},
		{"id":13,"name":"DotNet App Health","path":"/samples/dotnet_app_health","hasHealthRules":false,"hasDashboard" : true,"description":"DotNet Application Health", "themes": [3], "categories": [1, 2]},
		{"id":14,"name":"Banking Business Transaction Health","path":"/samples/banking_bt_health","hasHealthRules":false,"hasDashboard" : true,"description":"Top Banking Business Transactions Health Dashboard. Search for string {bt_name} and {tier_name}. Replace with specific top BT's for your banking application"},
		{"id":15,"name":"Tier Detail","path":"/samples/tier_detail","hasHealthRules":false,"hasDashboard" : true,"description":"Tier Detail", "tierSelection": 100, "themes": [1,2],"isDynamic":true},
		{"id":16,"name":"BT List","path":"/samples/btList","hasHealthRules":false,"btSelection": 15,"hasHealthRules":true,"hasDashboard" : true,"description":"This dynamic dashboard provides key metrics for selected Business Transactions, including Calls, Response Time, Errors, and Slow, Very Slow, and Stall count. Good for scheduled reports.", "themes": [1,2],"isDynamic":true},
		{"id":17,"name":"BT List - Two HRs","path":"/samples/btList2","hasHealthRules":false,"btSelection": 15,"hasHealthRules":true,"hasDashboard" : true,"description":"This dynamic dashboard provides key metrics for selected Business Transactions, including Calls, Response Time, Errors, and Slow, Very Slow, and Stall count. Good for scheduled reports.", "themes": [1,2],"isDynamic":true}
	],
"themes":[
		{"id": 1, "name": "Dark", "description": "Dark", "prefix": "dark_"},
		{"id": 2, "name": "Light", "description": "Light", "prefix": "light_"}
	],
"categories":[
		{"id": 1, "name": ".NET", "description": ".NET"},
		{"id": 2, "name": "App Health", "description": "Focused on Application Health"},
		{"id": 3, "name": "Executive", "description": "High-level"}	
	]
}
