{
  "appenders":
  [
    { "type":"console","level":"INFO"},
    { "type":"file", "filename": "appconfigmanager.log", "backups": 10, "maxLogSize": 2048, "category": "AppConfigManager","level":"INFO" },
    { "type":"file", "filename": "http.log", "backups": 10, "maxLogSize": 2048, "category": "http","level":"INFO" },
    { "type":"file", "filename": "restmanager.log", "backups": 10, "maxLogSize": 2048, "category": "RestManager","level":"INFO" },
    { "type":"file", "filename": "btconfigmanager.log", "backups": 10, "maxLogSize": 2048, "category": "BTConfigManager","level":"INFO" }
  ],
  "replaceConsole":false
}
