{
    "schemaVersion": null,
    "dashboardFormatVersion": "3.0",
    "name": "Overall Application Health",
    "description": null,
    "properties": null,
    "templateEntityType": "APPLICATION_COMPONENT_NODE",
    "associatedEntityTemplates": null,
    "minutesBeforeAnchorTime": 15,
    "startDate": null,
    "endDate": null,
    "refreshInterval": 120000,
    "backgroundColor": 15395562,
    "color": 15395562,
    "height": 768,
    "width": 1024,
    "canvasType": "CANVAS_TYPE_GRID",
    "layoutType": "",
    "widgetTemplates": [
        {
            "widgetType": "TextWidget",
            "title": null,
            "height": 1,
            "width": 10,
            "x": 0,
            "y": 0,
            "label": null,
            "description": null,
            "drillDownUrl": null,
            "useMetricBrowserAsDrillDown": false,
            "backgroundColor": 1745629,
            "backgroundColors": null,
            "backgroundColorsStr": "16777215,16777215",
            "color": 16777215,
            "fontSize": 30,
            "useAutomaticFontSize": false,
            "borderEnabled": false,
            "borderThickness": 0,
            "borderColor": 14408667,
            "backgroundAlpha": 1,
            "showValues": false,
            "compactMode": false,
            "showTimeRange": false,
            "renderIn3D": false,
            "showLegend": null,
            "legendPosition": null,
            "legendColumnCount": null,
            "startTime": null,
            "endTime": null,
            "minutesBeforeAnchorTime": 15,
            "isGlobal": true,
            "propertiesMap": null,
            "dataSeriesTemplates": null,
            "text": "<center>{app_name}</center>"
        },
        {
            "widgetType": "GraphWidget",
            "title": "Application Processing Seconds [TotalCalls x AverageResponseTime]",
            "height": 2,
            "width": 12,
            "x": 0,
            "y": 1,
            "label": null,
            "description": null,
            "drillDownUrl": "",
            "useMetricBrowserAsDrillDown": false,
            "backgroundColor": 16777215,
            "backgroundColors": null,
            "backgroundColorsStr": "16777215,16777215",
            "color": 4210752,
            "fontSize": 12,
            "useAutomaticFontSize": false,
            "borderEnabled": false,
            "borderThickness": 0,
            "borderColor": 14408667,
            "backgroundAlpha": 1,
            "showValues": false,
            "compactMode": false,
            "showTimeRange": false,
            "renderIn3D": false,
            "showLegend": true,
            "legendPosition": "POSITION_RIGHT",
            "legendColumnCount": 1,
            "startTime": null,
            "endTime": null,
            "minutesBeforeAnchorTime": 15,
            "isGlobal": true,
            "propertiesMap": null,
            "dataSeriesTemplates": [
                {
                    "seriesType": "AREA",
                    "metricType": "OVERALL_APPLICATION",
                    "showRawMetricName": false,
                    "colorPalette": null,
                    "name": "Series 18",
                    "metricMatchCriteriaTemplate": {
                        "entityMatchCriteria": {
                            "matchCriteriaType": "SpecificEntities",
                            "entityType": "APPLICATION",
                            "agentTypes": null,
                            "entityNames": [
                                {
                                    "applicationName": "{app_name}",
                                    "entityType": "APPLICATION",
                                    "entityName": "{app_name}",
                                    "scopingEntityType": null,
                                    "scopingEntityName": null,
                                    "subtype": null
                                }
                            ],
                            "summary": true
                        },
                        "metricExpressionTemplate": {
                            "metricExpressionType": "Boolean",
                            "operator": {
                                "type": "MULTIPLY"
                            },
                            "expression1": {
                                "metricExpressionType": "Logical",
                                "functionType": "SUM",
                                "displayName": "TotalCalls",
                                "relativeMetricPath": "Calls per Minute"
                            },
                            "expression2": {
                                "metricExpressionType": "Logical",
                                "functionType": "VALUE",
                                "displayName": "AverageResponseTime",
                                "relativeMetricPath": "Average Response Time (ms)"
                            }
                        },
                        "rollupMetricData": false,
                        "expressionString": "({TotalCalls}*{AverageResponseTime})/1000",
                        "useActiveBaseline": false,
                        "sortResultsAscending": false,
                        "maxResults": 20,
                        "evaluationScopeType": null,
                        "baselineName": null,
                        "applicationName": "{app_name}",
                        "metricDisplayNameStyle": "DISPLAY_STYLE_CUSTOM",
                        "metricDisplayNameCustomFormat": "${e}"
                    },
                    "axisPosition": "LEFT"
                }
            ],
            "verticalAxisLabel": null,
            "hideHorizontalAxis": null,
            "horizontalAxisLabel": null,
            "axisType": "LINEAR",
            "stackMode": false,
            "multipleYAxis": null,
            "showEvents": null,
            "interpolateDataGaps": false,
            "staticThresholdList": [],
            "eventFilterTemplate": null
        },
        {
            "widgetType": "GraphWidget",
            "title": "Processing Time (ms) of Top 10 Business Transactions [TotalCalls x AverageResponseTime]",
            "height": 3,
            "width": 12,
            "x": 0,
            "y": 12,
            "label": null,
            "description": null,
            "drillDownUrl": "",
            "useMetricBrowserAsDrillDown": false,
            "backgroundColor": 16777215,
            "backgroundColors": null,
            "backgroundColorsStr": "16777215,16777215",
            "color": 4210752,
            "fontSize": 12,
            "useAutomaticFontSize": false,
            "borderEnabled": false,
            "borderThickness": 0,
            "borderColor": 14408667,
            "backgroundAlpha": 1,
            "showValues": false,
            "compactMode": false,
            "showTimeRange": false,
            "renderIn3D": false,
            "showLegend": true,
            "legendPosition": "POSITION_RIGHT",
            "legendColumnCount": 2,
            "startTime": null,
            "endTime": null,
            "minutesBeforeAnchorTime": 15,
            "isGlobal": true,
            "propertiesMap": null,
            "dataSeriesTemplates": [
                {
                    "seriesType": "AREA",
                    "metricType": "BUSINESS_TRANSACTION",
                    "showRawMetricName": false,
                    "colorPalette": null,
                    "name": "Series 18",
                    "metricMatchCriteriaTemplate": {
                        "entityMatchCriteria": {
                            "matchCriteriaType": "AllEntities",
                            "entityType": "BUSINESS_TRANSACTION",
                            "agentTypes": null,
                            "summary": false
                        },
                        "metricExpressionTemplate": {
                            "metricExpressionType": "Boolean",
                            "operator": {
                                "type": "MULTIPLY"
                            },
                            "expression1": {
                                "metricExpressionType": "Logical",
                                "functionType": "SUM",
                                "displayName": "TotalCalls",
                                "relativeMetricPath": "Calls per Minute"
                            },
                            "expression2": {
                                "metricExpressionType": "Logical",
                                "functionType": "VALUE",
                                "displayName": "AverageResponseTime",
                                "relativeMetricPath": "Average Response Time (ms)"
                            }
                        },
                        "rollupMetricData": false,
                        "expressionString": "({TotalCalls}*{AverageResponseTime})",
                        "useActiveBaseline": false,
                        "sortResultsAscending": false,
                        "maxResults": 10,
                        "evaluationScopeType": "TIER_AVERAGE",
                        "baselineName": null,
                        "applicationName": "{app_name}",
                        "metricDisplayNameStyle": "DISPLAY_STYLE_CUSTOM",
                        "metricDisplayNameCustomFormat": "{app_name} - ${e}"
                    },
                    "axisPosition": "LEFT"
                }
            ],
            "verticalAxisLabel": null,
            "hideHorizontalAxis": null,
            "horizontalAxisLabel": null,
            "axisType": "LOGARITHMIC",
            "stackMode": false,
            "multipleYAxis": null,
            "showEvents": null,
            "interpolateDataGaps": false,
            "staticThresholdList": [],
            "eventFilterTemplate": null
        },
        {
            "widgetType": "GraphWidget",
            "title": "Database Processing Seconds [TotalCalls x AverageResponseTime]",
            "height": 2,
            "width": 12,
            "x": 0,
            "y": 3,
            "label": null,
            "description": null,
            "drillDownUrl": "",
            "useMetricBrowserAsDrillDown": false,
            "backgroundColor": 16777215,
            "backgroundColors": null,
            "backgroundColorsStr": "16777215,16777215",
            "color": 4210752,
            "fontSize": 12,
            "useAutomaticFontSize": false,
            "borderEnabled": false,
            "borderThickness": 0,
            "borderColor": 14408667,
            "backgroundAlpha": 1,
            "showValues": false,
            "compactMode": false,
            "showTimeRange": false,
            "renderIn3D": false,
            "showLegend": true,
            "legendPosition": "POSITION_RIGHT",
            "legendColumnCount": 1,
            "startTime": null,
            "endTime": null,
            "minutesBeforeAnchorTime": 15,
            "isGlobal": true,
            "propertiesMap": null,
            "dataSeriesTemplates": [
                {
                    "seriesType": "AREA",
                    "metricType": "BACKEND",
                    "showRawMetricName": false,
                    "colorPalette": null,
                    "name": "Series 18",
                    "metricMatchCriteriaTemplate": {
                        "entityMatchCriteria": {
                            "matchCriteriaType": "CustomEntities",
                            "entityType": "BACKEND",
                            "agentTypes": null,
                            "stringMatchExpression": "sql",
                            "regexGroups": null,
                            "inverse": false,
                            "stringMatchType": "CONTAINS",
                            "propertyMatchCriteriaByPropertyName": null,
                            "summary": false
                        },
                        "metricExpressionTemplate": {
                            "metricExpressionType": "Boolean",
                            "operator": {
                                "type": "DIVIDE"
                            },
                            "expression1": {
                                "metricExpressionType": "Boolean",
                                "operator": {
                                    "type": "MULTIPLY"
                                },
                                "expression1": {
                                    "metricExpressionType": "Logical",
                                    "functionType": "SUM",
                                    "displayName": "TotalCalls",
                                    "relativeMetricPath": "Calls per Minute"
                                },
                                "expression2": {
                                    "metricExpressionType": "Logical",
                                    "functionType": "VALUE",
                                    "displayName": "AverageResponseTime",
                                    "relativeMetricPath": "Average Response Time (ms)"
                                }
                            },
                            "expression2": {
                                "metricExpressionType": "Literal",
                                "literalValue": 1000
                            }
                        },
                        "rollupMetricData": false,
                        "expressionString": "({TotalCalls}*{AverageResponseTime})/1000",
                        "useActiveBaseline": false,
                        "sortResultsAscending": false,
                        "maxResults": 20,
                        "evaluationScopeType": null,
                        "baselineName": null,
                        "applicationName": "{app_name}",
                        "metricDisplayNameStyle": "DISPLAY_STYLE_CUSTOM",
                        "metricDisplayNameCustomFormat": "{app_name}"
                    },
                    "axisPosition": "LEFT"
                }
            ],
            "verticalAxisLabel": null,
            "hideHorizontalAxis": null,
            "horizontalAxisLabel": null,
            "axisType": "LINEAR",
            "stackMode": null,
            "multipleYAxis": null,
            "showEvents": null,
            "interpolateDataGaps": false,
            "staticThresholdList": [],
            "eventFilterTemplate": null
        },
        {
            "widgetType": "GraphWidget",
            "title": "Top 10 Total Errors",
            "height": 4,
            "width": 12,
            "x": 0,
            "y": 8,
            "label": null,
            "description": null,
            "drillDownUrl": "",
            "useMetricBrowserAsDrillDown": false,
            "backgroundColor": 16777215,
            "backgroundColors": null,
            "backgroundColorsStr": "16777215,16777215",
            "color": 4210752,
            "fontSize": 12,
            "useAutomaticFontSize": false,
            "borderEnabled": false,
            "borderThickness": 0,
            "borderColor": 14408667,
            "backgroundAlpha": 1,
            "showValues": false,
            "compactMode": false,
            "showTimeRange": false,
            "renderIn3D": false,
            "showLegend": true,
            "legendPosition": "POSITION_BOTTOM",
            "legendColumnCount": 3,
            "startTime": null,
            "endTime": null,
            "minutesBeforeAnchorTime": 15,
            "isGlobal": true,
            "propertiesMap": null,
            "dataSeriesTemplates": [
                {
                    "seriesType": "AREA",
                    "metricType": "ERROR",
                    "showRawMetricName": false,
                    "colorPalette": null,
                    "name": "Series 18",
                    "metricMatchCriteriaTemplate": {
                        "entityMatchCriteria": {
                            "matchCriteriaType": "AllEntities",
                            "entityType": "ERROR",
                            "agentTypes": null,
                            "summary": false
                        },
                        "metricExpressionTemplate": {
                            "metricExpressionType": "Logical",
                            "functionType": "VALUE",
                            "displayName": "null",
                            "relativeMetricPath": "Number of Errors"
                        },
                        "rollupMetricData": false,
                        "expressionString": null,
                        "useActiveBaseline": false,
                        "sortResultsAscending": false,
                        "maxResults": 10,
                        "evaluationScopeType": "TIER_AVERAGE",
                        "baselineName": null,
                        "applicationName": "{app_name}",
                        "metricDisplayNameStyle": "DISPLAY_STYLE_AUTO",
                        "metricDisplayNameCustomFormat": null
                    },
                    "axisPosition": "LEFT"
                }
            ],
            "verticalAxisLabel": null,
            "hideHorizontalAxis": null,
            "horizontalAxisLabel": null,
            "axisType": "LINEAR",
            "stackMode": false,
            "multipleYAxis": null,
            "showEvents": false,
            "interpolateDataGaps": false,
            "staticThresholdList": [],
            "eventFilterTemplate": null
        },
        {
            "widgetType": "GraphWidget",
            "title": "Average Response Time [ms] of Top 10 Slowest HTTP Backends",
            "height": 3,
            "width": 4,
            "x": 0,
            "y": 5,
            "label": null,
            "description": null,
            "drillDownUrl": "",
            "useMetricBrowserAsDrillDown": false,
            "backgroundColor": 16777215,
            "backgroundColors": null,
            "backgroundColorsStr": "16777215,16777215",
            "color": 4210752,
            "fontSize": 12,
            "useAutomaticFontSize": false,
            "borderEnabled": false,
            "borderThickness": 0,
            "borderColor": 14408667,
            "backgroundAlpha": 1,
            "showValues": false,
            "compactMode": false,
            "showTimeRange": false,
            "renderIn3D": false,
            "showLegend": true,
            "legendPosition": "POSITION_BOTTOM",
            "legendColumnCount": 1,
            "startTime": null,
            "endTime": null,
            "minutesBeforeAnchorTime": 15,
            "isGlobal": true,
            "propertiesMap": null,
            "dataSeriesTemplates": [
                {
                    "seriesType": "AREA",
                    "metricType": "BACKEND",
                    "showRawMetricName": false,
                    "colorPalette": null,
                    "name": "Series 18",
                    "metricMatchCriteriaTemplate": {
                        "entityMatchCriteria": {
                            "matchCriteriaType": "CustomEntities",
                            "entityType": "BACKEND",
                            "agentTypes": null,
                            "stringMatchExpression": "http",
                            "regexGroups": null,
                            "inverse": false,
                            "stringMatchType": "STARTSWITH",
                            "propertyMatchCriteriaByPropertyName": null,
                            "summary": false
                        },
                        "metricExpressionTemplate": {
                            "metricExpressionType": "Logical",
                            "functionType": "VALUE",
                            "displayName": "null",
                            "relativeMetricPath": "Average Response Time (ms)"
                        },
                        "rollupMetricData": false,
                        "expressionString": "",
                        "useActiveBaseline": false,
                        "sortResultsAscending": false,
                        "maxResults": 10,
                        "evaluationScopeType": null,
                        "baselineName": null,
                        "applicationName": "{app_name}",
                        "metricDisplayNameStyle": "DISPLAY_STYLE_AUTO",
                        "metricDisplayNameCustomFormat": null
                    },
                    "axisPosition": "LEFT"
                }
            ],
            "verticalAxisLabel": null,
            "hideHorizontalAxis": null,
            "horizontalAxisLabel": null,
            "axisType": "LINEAR",
            "stackMode": null,
            "multipleYAxis": null,
            "showEvents": null,
            "interpolateDataGaps": false,
            "staticThresholdList": [],
            "eventFilterTemplate": null
        },
        {
            "widgetType": "GraphWidget",
            "title": "Total Calls of Top 10 HTTP Backends",
            "height": 3,
            "width": 4,
            "x": 4,
            "y": 5,
            "label": null,
            "description": null,
            "drillDownUrl": "",
            "useMetricBrowserAsDrillDown": false,
            "backgroundColor": 16777215,
            "backgroundColors": null,
            "backgroundColorsStr": "16777215,16777215",
            "color": 4210752,
            "fontSize": 12,
            "useAutomaticFontSize": false,
            "borderEnabled": false,
            "borderThickness": 0,
            "borderColor": 14408667,
            "backgroundAlpha": 1,
            "showValues": false,
            "compactMode": false,
            "showTimeRange": false,
            "renderIn3D": false,
            "showLegend": true,
            "legendPosition": "POSITION_BOTTOM",
            "legendColumnCount": 1,
            "startTime": null,
            "endTime": null,
            "minutesBeforeAnchorTime": 15,
            "isGlobal": true,
            "propertiesMap": null,
            "dataSeriesTemplates": [
                {
                    "seriesType": "AREA",
                    "metricType": "BACKEND",
                    "showRawMetricName": false,
                    "colorPalette": null,
                    "name": "Series 18",
                    "metricMatchCriteriaTemplate": {
                        "entityMatchCriteria": {
                            "matchCriteriaType": "CustomEntities",
                            "entityType": "BACKEND",
                            "agentTypes": null,
                            "stringMatchExpression": "http",
                            "regexGroups": null,
                            "inverse": false,
                            "stringMatchType": "STARTSWITH",
                            "propertyMatchCriteriaByPropertyName": null,
                            "summary": false
                        },
                        "metricExpressionTemplate": {
                            "metricExpressionType": "Logical",
                            "functionType": "SUM",
                            "displayName": "null",
                            "relativeMetricPath": "Calls per Minute"
                        },
                        "rollupMetricData": false,
                        "expressionString": "",
                        "useActiveBaseline": false,
                        "sortResultsAscending": false,
                        "maxResults": 10,
                        "evaluationScopeType": null,
                        "baselineName": null,
                        "applicationName": "{app_name}",
                        "metricDisplayNameStyle": "DISPLAY_STYLE_AUTO",
                        "metricDisplayNameCustomFormat": null
                    },
                    "axisPosition": "LEFT"
                }
            ],
            "verticalAxisLabel": null,
            "hideHorizontalAxis": null,
            "horizontalAxisLabel": null,
            "axisType": "LINEAR",
            "stackMode": null,
            "multipleYAxis": null,
            "showEvents": null,
            "interpolateDataGaps": false,
            "staticThresholdList": [],
            "eventFilterTemplate": null
        },
        {
            "widgetType": "GraphWidget",
            "title": "Total Errors of Top 10 HTTP Backends",
            "height": 3,
            "width": 4,
            "x": 8,
            "y": 5,
            "label": null,
            "description": null,
            "drillDownUrl": "",
            "useMetricBrowserAsDrillDown": false,
            "backgroundColor": 16777215,
            "backgroundColors": null,
            "backgroundColorsStr": "16777215,16777215",
            "color": 4210752,
            "fontSize": 12,
            "useAutomaticFontSize": false,
            "borderEnabled": false,
            "borderThickness": 0,
            "borderColor": 14408667,
            "backgroundAlpha": 1,
            "showValues": false,
            "compactMode": false,
            "showTimeRange": false,
            "renderIn3D": false,
            "showLegend": true,
            "legendPosition": "POSITION_BOTTOM",
            "legendColumnCount": 1,
            "startTime": null,
            "endTime": null,
            "minutesBeforeAnchorTime": 15,
            "isGlobal": true,
            "propertiesMap": null,
            "dataSeriesTemplates": [
                {
                    "seriesType": "AREA",
                    "metricType": "BACKEND",
                    "showRawMetricName": false,
                    "colorPalette": null,
                    "name": "Series 18",
                    "metricMatchCriteriaTemplate": {
                        "entityMatchCriteria": {
                            "matchCriteriaType": "CustomEntities",
                            "entityType": "BACKEND",
                            "agentTypes": null,
                            "stringMatchExpression": "http",
                            "regexGroups": null,
                            "inverse": false,
                            "stringMatchType": "STARTSWITH",
                            "propertyMatchCriteriaByPropertyName": null,
                            "summary": false
                        },
                        "metricExpressionTemplate": {
                            "metricExpressionType": "Logical",
                            "functionType": "SUM",
                            "displayName": "null",
                            "relativeMetricPath": "Errors per Minute"
                        },
                        "rollupMetricData": false,
                        "expressionString": "",
                        "useActiveBaseline": false,
                        "sortResultsAscending": false,
                        "maxResults": 10,
                        "evaluationScopeType": null,
                        "baselineName": null,
                        "applicationName": "{app_name}",
                        "metricDisplayNameStyle": "DISPLAY_STYLE_AUTO",
                        "metricDisplayNameCustomFormat": null
                    },
                    "axisPosition": "LEFT"
                }
            ],
            "verticalAxisLabel": null,
            "hideHorizontalAxis": null,
            "horizontalAxisLabel": null,
            "axisType": "LINEAR",
            "stackMode": null,
            "multipleYAxis": null,
            "showEvents": null,
            "interpolateDataGaps": false,
            "staticThresholdList": [],
            "eventFilterTemplate": null
        },
        {
            "widgetType": "GraphWidget",
            "title": "Process CPU Burnt % For Top 10 Nodes Across Realms",
            "height": 2,
            "width": 12,
            "x": 0,
            "y": 19,
            "label": null,
            "description": null,
            "drillDownUrl": "",
            "useMetricBrowserAsDrillDown": false,
            "backgroundColor": 16777215,
            "backgroundColors": null,
            "backgroundColorsStr": "16777215,16777215",
            "color": 4210752,
            "fontSize": 12,
            "useAutomaticFontSize": false,
            "borderEnabled": false,
            "borderThickness": 0,
            "borderColor": 14408667,
            "backgroundAlpha": 1,
            "showValues": false,
            "compactMode": false,
            "showTimeRange": false,
            "renderIn3D": false,
            "showLegend": true,
            "legendPosition": "POSITION_RIGHT",
            "legendColumnCount": 1,
            "startTime": null,
            "endTime": null,
            "minutesBeforeAnchorTime": 15,
            "isGlobal": true,
            "propertiesMap": null,
            "dataSeriesTemplates": [
                {
                    "seriesType": "AREA",
                    "metricType": "INFRASTRUCTURE",
                    "showRawMetricName": false,
                    "colorPalette": null,
                    "name": "Series 18",
                    "metricMatchCriteriaTemplate": {
                        "entityMatchCriteria": {
                            "matchCriteriaType": "AllEntities",
                            "entityType": "APPLICATION_COMPONENT_NODE",
                            "agentTypes": null,
                            "summary": false
                        },
                        "metricExpressionTemplate": {
                            "metricExpressionType": "Logical",
                            "functionType": "VALUE",
                            "displayName": "null",
                            "relativeMetricPath": "CLR|Process CPU Burnt (%)"
                        },
                        "rollupMetricData": false,
                        "expressionString": null,
                        "useActiveBaseline": false,
                        "sortResultsAscending": false,
                        "maxResults": 10,
                        "evaluationScopeType": null,
                        "baselineName": null,
                        "applicationName": "{app_name}",
                        "metricDisplayNameStyle": "DISPLAY_STYLE_AUTO",
                        "metricDisplayNameCustomFormat": null
                    },
                    "axisPosition": "LEFT"
                }
            ],
            "verticalAxisLabel": null,
            "hideHorizontalAxis": null,
            "horizontalAxisLabel": null,
            "axisType": "LINEAR",
            "stackMode": false,
            "multipleYAxis": null,
            "showEvents": false,
            "interpolateDataGaps": false,
            "staticThresholdList": [
                {
                    "value": 50,
                    "color": 16711680,
                    "name": null
                }
            ],
            "eventFilterTemplate": null
        },
        {
            "widgetType": "GraphWidget",
            "title": "Major GC Time Spent % For Top 10 Nodes Across Realms",
            "height": 2,
            "width": 12,
            "x": 0,
            "y": 15,
            "label": null,
            "description": null,
            "drillDownUrl": "",
            "useMetricBrowserAsDrillDown": false,
            "backgroundColor": 16777215,
            "backgroundColors": null,
            "backgroundColorsStr": "16777215,16777215",
            "color": 4210752,
            "fontSize": 12,
            "useAutomaticFontSize": false,
            "borderEnabled": false,
            "borderThickness": 0,
            "borderColor": 14408667,
            "backgroundAlpha": 1,
            "showValues": false,
            "compactMode": false,
            "showTimeRange": false,
            "renderIn3D": false,
            "showLegend": true,
            "legendPosition": "POSITION_RIGHT",
            "legendColumnCount": 1,
            "startTime": null,
            "endTime": null,
            "minutesBeforeAnchorTime": 15,
            "isGlobal": true,
            "propertiesMap": null,
            "dataSeriesTemplates": [
                {
                    "seriesType": "AREA",
                    "metricType": "INFRASTRUCTURE",
                    "showRawMetricName": false,
                    "colorPalette": null,
                    "name": "Series 18",
                    "metricMatchCriteriaTemplate": {
                        "entityMatchCriteria": {
                            "matchCriteriaType": "AllEntities",
                            "entityType": "APPLICATION_COMPONENT_NODE",
                            "agentTypes": null,
                            "summary": false
                        },
                        "metricExpressionTemplate": {
                            "metricExpressionType": "Logical",
                            "functionType": "VALUE",
                            "displayName": "null",
                            "relativeMetricPath": "CLR|Garbage Collection|GC Time Spent (%)"
                        },
                        "rollupMetricData": false,
                        "expressionString": null,
                        "useActiveBaseline": false,
                        "sortResultsAscending": false,
                        "maxResults": 10,
                        "evaluationScopeType": null,
                        "baselineName": null,
                        "applicationName": "{app_name}",
                        "metricDisplayNameStyle": "DISPLAY_STYLE_AUTO",
                        "metricDisplayNameCustomFormat": null
                    },
                    "axisPosition": "LEFT"
                }
            ],
            "verticalAxisLabel": null,
            "hideHorizontalAxis": null,
            "horizontalAxisLabel": null,
            "axisType": "LINEAR",
            "stackMode": false,
            "multipleYAxis": null,
            "showEvents": false,
            "interpolateDataGaps": false,
            "staticThresholdList": [],
            "eventFilterTemplate": null
        },
        {
            "widgetType": "GraphWidget",
            "title": "Memory Heap Used Bytes For Top 10 Nodes Across Realms",
            "height": 2,
            "width": 12,
            "x": 0,
            "y": 17,
            "label": null,
            "description": null,
            "drillDownUrl": "",
            "useMetricBrowserAsDrillDown": false,
            "backgroundColor": 16777215,
            "backgroundColors": null,
            "backgroundColorsStr": "16777215,16777215",
            "color": 4210752,
            "fontSize": 12,
            "useAutomaticFontSize": false,
            "borderEnabled": false,
            "borderThickness": 0,
            "borderColor": 14408667,
            "backgroundAlpha": 1,
            "showValues": false,
            "compactMode": false,
            "showTimeRange": false,
            "renderIn3D": false,
            "showLegend": true,
            "legendPosition": "POSITION_RIGHT",
            "legendColumnCount": 1,
            "startTime": null,
            "endTime": null,
            "minutesBeforeAnchorTime": 15,
            "isGlobal": true,
            "propertiesMap": null,
            "dataSeriesTemplates": [
                {
                    "seriesType": "AREA",
                    "metricType": "INFRASTRUCTURE",
                    "showRawMetricName": false,
                    "colorPalette": null,
                    "name": "Series 18",
                    "metricMatchCriteriaTemplate": {
                        "entityMatchCriteria": {
                            "matchCriteriaType": "AllEntities",
                            "entityType": "APPLICATION_COMPONENT_NODE",
                            "agentTypes": null,
                            "summary": false
                        },
                        "metricExpressionTemplate": {
                            "metricExpressionType": "Logical",
                            "functionType": "VALUE",
                            "displayName": "null",
                            "relativeMetricPath": "CLR|Memory:Heap|Current Usage (bytes)"
                        },
                        "rollupMetricData": false,
                        "expressionString": null,
                        "useActiveBaseline": false,
                        "sortResultsAscending": false,
                        "maxResults": 10,
                        "evaluationScopeType": null,
                        "baselineName": null,
                        "applicationName": "{app_name}",
                        "metricDisplayNameStyle": "DISPLAY_STYLE_AUTO",
                        "metricDisplayNameCustomFormat": null
                    },
                    "axisPosition": "LEFT"
                }
            ],
            "verticalAxisLabel": null,
            "hideHorizontalAxis": null,
            "horizontalAxisLabel": null,
            "axisType": "LINEAR",
            "stackMode": false,
            "multipleYAxis": null,
            "showEvents": false,
            "interpolateDataGaps": false,
            "staticThresholdList": [],
            "eventFilterTemplate": null
        },
        {
            "widgetType": "StatusLightWidget",
            "title": "Application Health",
            "height": 1,
            "width": 2,
            "x": 10,
            "y": 0,
            "label": null,
            "description": null,
            "drillDownUrl": "",
            "useMetricBrowserAsDrillDown": false,
            "backgroundColor": 16777215,
            "backgroundColors": null,
            "backgroundColorsStr": "16777215,16777215",
            "color": 4210752,
            "fontSize": 12,
            "useAutomaticFontSize": false,
            "borderEnabled": false,
            "borderThickness": 0,
            "borderColor": 14408667,
            "backgroundAlpha": 1,
            "showValues": false,
            "compactMode": false,
            "showTimeRange": false,
            "renderIn3D": false,
            "showLegend": null,
            "legendPosition": null,
            "legendColumnCount": null,
            "startTime": null,
            "endTime": null,
            "minutesBeforeAnchorTime": 15,
            "isGlobal": true,
            "propertiesMap": null,
            "dataSeriesTemplates": null,
            "healthRule": {
                "applicationName": "{app_name}",
                "entityType": "POLICY",
                "entityName": "Business Transaction response time is much higher than normal",
                "scopingEntityType": null,
                "scopingEntityName": null,
                "subtype": null
            }
        }
    ],
    "warRoom": false,
    "template": false
}