{
    "schemaVersion": null,
    "dashboardFormatVersion": "2.0",
    "name": "OPs - Sample 2",
    "description": null,
    "properties": null,
    "templateEntityType": null,
    "associatedEntityTemplates": null,
    "minutesBeforeAnchorTime": 60,
    "startDate": null,
    "endDate": null,
    "refreshInterval": 120000,
    "backgroundColor": 0,
    "color": 0,
    "height": 890,
    "width": 1024,
    "canvasType": "CANVAS_TYPE_ABSOLUTE",
    "layoutType": "",
    "widgetTemplates": [
        {
            "widgetType": "TextWidget",
            "title": null,
            "height": 50,
            "width": 306,
            "x": 386,
            "y": 19,
            "label": null,
            "description": null,
            "drillDownUrl": null,
            "useMetricBrowserAsDrillDown": true,
            "backgroundColor": 16777215,
            "backgroundColors": null,
            "backgroundColorsStr": null,
            "color": 14540253,
            "fontSize": 24,
            "useAutomaticFontSize": null,
            "borderEnabled": false,
            "borderThickness": 0,
            "borderColor": 14408667,
            "backgroundAlpha": 0,
            "showValues": false,
            "compactMode": null,
            "showTimeRange": true,
            "renderIn3D": null,
            "showLegend": null,
            "legendPosition": null,
            "legendColumnCount": null,
            "startTime": null,
            "endTime": null,
            "minutesBeforeAnchorTime": null,
            "isGlobal": null,
            "propertiesMap": null,
            "dataSeriesTemplates": null,
            "text": "ECommerce Key Metrics"
        },
        {
            "widgetType": "GraphWidget",
            "title": "Average Response Time",
            "height": 250,
            "width": 800,
            "x": 85,
            "y": 75,
            "label": null,
            "description": null,
            "drillDownUrl": null,
            "useMetricBrowserAsDrillDown": true,
            "backgroundColor": 1118481,
            "backgroundColors": null,
            "backgroundColorsStr": "1118481,1118481",
            "color": 14540253,
            "fontSize": 12,
            "useAutomaticFontSize": null,
            "borderEnabled": true,
            "borderThickness": 1,
            "borderColor": 4934475,
            "backgroundAlpha": 1,
            "showValues": false,
            "compactMode": false,
            "showTimeRange": false,
            "renderIn3D": false,
            "showLegend": false,
            "legendPosition": "POSITION_BOTTOM",
            "legendColumnCount": 1,
            "startTime": 0,
            "endTime": 0,
            "minutesBeforeAnchorTime": 60,
            "isGlobal": true,
            "propertiesMap": null,
            "dataSeriesTemplates": [
                {
                    "seriesType": "LINE",
                    "metricType": "OVERALL_APPLICATION",
                    "showRawMetricName": false,
                    "colorPalette": {
                        "colors": [
                            1215669,
                            3778172
                        ]
                    },
                    "name": "ART",
                    "metricMatchCriteriaTemplate": {
                        "entityMatchCriteria": {
                            "matchCriteriaType": "SpecificEntities",
                            "entityType": "APPLICATION",
                            "agentTypes": null,
                            "entityNames": [
                                {
                                    "applicationName": "ECommerce",
                                    "entityType": "APPLICATION",
                                    "entityName": "{app_name}",
                                    "scopingEntityType": null,
                                    "scopingEntityName": null,
                                    "subtype": null
                                }
                            ],
                            "summary": true
                        },
                        "metricExpressionTemplate": {
                            "metricExpressionType": "Logical",
                            "functionType": "VALUE",
                            "relativeMetricPath": "Average Response Time (ms)"
                        },
                        "rollupMetricData": false,
                        "useActiveBaseline": false,
                        "sortResultsAscending": false,
                        "maxResults": 20,
                        "evaluationScopeType": null,
                        "baselineName": "Weekly Trend - Last 3 months",
                        "applicationName": "ECommerce"
                    }
                }
            ],
            "verticalAxisLabel": null,
            "hideHorizontalAxis": true,
            "horizontalAxisLabel": null,
            "axisType": "LINEAR",
            "stackMode": null,
            "showEvents": true,
            "eventFilterTemplate": null
        },
        {
            "widgetType": "StatusLightWidget",
            "title": "Business Transaction response time is much higher than normal",
            "height": 60,
            "width": 50,
            "x": 15,
            "y": 90,
            "label": null,
            "description": null,
            "drillDownUrl": null,
            "useMetricBrowserAsDrillDown": true,
            "backgroundColor": 16777215,
            "backgroundColors": null,
            "backgroundColorsStr": null,
            "color": 4210752,
            "fontSize": 12,
            "useAutomaticFontSize": null,
            "borderEnabled": false,
            "borderThickness": 0,
            "borderColor": 14408667,
            "backgroundAlpha": 0,
            "showValues": false,
            "compactMode": null,
            "showTimeRange": true,
            "renderIn3D": null,
            "showLegend": null,
            "legendPosition": null,
            "legendColumnCount": null,
            "startTime": 0,
            "endTime": 0,
            "minutesBeforeAnchorTime": 60,
            "isGlobal": true,
            "propertiesMap": null,
            "dataSeriesTemplates": null,
            "healthRule": {
                "applicationName": "ECommerce",
                "entityType": "POLICY",
                "entityName": "Business Transaction response time is much higher than normal",
                "scopingEntityType": null,
                "scopingEntityName": null,
                "subtype": null
            }
        },
        {
            "widgetType": "MetricLabelWidget",
            "title": "Average Response Time (ms)",
            "height": 50,
            "width": 115,
            "x": 538,
            "y": 66,
            "label": "${v} ms",
            "description": null,
            "drillDownUrl": null,
            "useMetricBrowserAsDrillDown": true,
            "backgroundColor": 16777215,
            "backgroundColors": null,
            "backgroundColorsStr": null,
            "color": 14540253,
            "fontSize": 14,
            "useAutomaticFontSize": false,
            "borderEnabled": false,
            "borderThickness": 0,
            "borderColor": 14408667,
            "backgroundAlpha": 0,
            "showValues": false,
            "compactMode": null,
            "showTimeRange": true,
            "renderIn3D": null,
            "showLegend": null,
            "legendPosition": null,
            "legendColumnCount": null,
            "startTime": 0,
            "endTime": 0,
            "minutesBeforeAnchorTime": 60,
            "isGlobal": true,
            "propertiesMap": null,
            "dataSeriesTemplates": [
                {
                    "seriesType": null,
                    "metricType": null,
                    "showRawMetricName": null,
                    "colorPalette": null,
                    "name": "ef3b6e24-8839-4329-92ce-fbb268807f45",
                    "metricMatchCriteriaTemplate": {
                        "entityMatchCriteria": null,
                        "metricExpressionTemplate": {
                            "metricExpressionType": "Absolute",
                            "functionType": "VALUE",
                            "metricPath": "Overall Application Performance|Average Response Time (ms)",
                            "scopeEntity": {
                                "applicationName": "ECommerce",
                                "entityType": "APPLICATION",
                                "entityName": "{app_name}",
                                "scopingEntityType": null,
                                "scopingEntityName": null,
                                "subtype": null
                            }
                        },
                        "rollupMetricData": true,
                        "useActiveBaseline": false,
                        "sortResultsAscending": null,
                        "maxResults": null,
                        "evaluationScopeType": null,
                        "baselineName": null,
                        "applicationName": "ECommerce"
                    }
                }
            ],
            "text": null
        },
        {
            "widgetType": "StatusLightWidget",
            "title": "Business Transaction error rate is much higher than normal",
            "height": 60,
            "width": 50,
            "x": 15,
            "y": 360,
            "label": null,
            "description": null,
            "drillDownUrl": null,
            "useMetricBrowserAsDrillDown": true,
            "backgroundColor": 16777215,
            "backgroundColors": null,
            "backgroundColorsStr": null,
            "color": 4210752,
            "fontSize": 12,
            "useAutomaticFontSize": null,
            "borderEnabled": false,
            "borderThickness": 0,
            "borderColor": 14408667,
            "backgroundAlpha": 0,
            "showValues": false,
            "compactMode": null,
            "showTimeRange": true,
            "renderIn3D": null,
            "showLegend": null,
            "legendPosition": null,
            "legendColumnCount": null,
            "startTime": 0,
            "endTime": 0,
            "minutesBeforeAnchorTime": 60,
            "isGlobal": true,
            "propertiesMap": null,
            "dataSeriesTemplates": null,
            "healthRule": {
                "applicationName": "ECommerce",
                "entityType": "POLICY",
                "entityName": "Business Transaction error rate is much higher than normal",
                "scopingEntityType": null,
                "scopingEntityName": null,
                "subtype": null
            }
        },
        {
            "widgetType": "GraphWidget",
            "title": "Errors per Minute",
            "height": 250,
            "width": 800,
            "x": 85,
            "y": 345,
            "label": null,
            "description": null,
            "drillDownUrl": null,
            "useMetricBrowserAsDrillDown": true,
            "backgroundColor": 1118481,
            "backgroundColors": null,
            "backgroundColorsStr": "1118481,1118481",
            "color": 14540253,
            "fontSize": 12,
            "useAutomaticFontSize": null,
            "borderEnabled": true,
            "borderThickness": 1,
            "borderColor": 4934475,
            "backgroundAlpha": 1,
            "showValues": false,
            "compactMode": false,
            "showTimeRange": false,
            "renderIn3D": false,
            "showLegend": false,
            "legendPosition": "POSITION_BOTTOM",
            "legendColumnCount": 1,
            "startTime": 0,
            "endTime": 0,
            "minutesBeforeAnchorTime": 60,
            "isGlobal": true,
            "propertiesMap": null,
            "dataSeriesTemplates": [
                {
                    "seriesType": "LINE",
                    "metricType": "OVERALL_APPLICATION",
                    "showRawMetricName": false,
                    "colorPalette": {
                        "colors": [
                            1215669,
                            3778172
                        ]
                    },
                    "name": "Errors",
                    "metricMatchCriteriaTemplate": {
                        "entityMatchCriteria": {
                            "matchCriteriaType": "SpecificEntities",
                            "entityType": "APPLICATION",
                            "agentTypes": null,
                            "entityNames": [
                                {
                                    "applicationName": "ECommerce",
                                    "entityType": "APPLICATION",
                                    "entityName": "{app_name}",
                                    "scopingEntityType": null,
                                    "scopingEntityName": null,
                                    "subtype": null
                                }
                            ],
                            "summary": true
                        },
                        "metricExpressionTemplate": {
                            "metricExpressionType": "Logical",
                            "functionType": "VALUE",
                            "relativeMetricPath": "Errors per Minute"
                        },
                        "rollupMetricData": false,
                        "useActiveBaseline": false,
                        "sortResultsAscending": false,
                        "maxResults": 20,
                        "evaluationScopeType": null,
                        "baselineName": "Weekly Trend - Last 3 months",
                        "applicationName": "ECommerce"
                    }
                }
            ],
            "verticalAxisLabel": null,
            "hideHorizontalAxis": true,
            "horizontalAxisLabel": null,
            "axisType": "LINEAR",
            "stackMode": null,
            "showEvents": true,
            "eventFilterTemplate": null
        },
        {
            "widgetType": "MetricLabelWidget",
            "title": "Errors per Minute",
            "height": 50,
            "width": 79,
            "x": 553,
            "y": 335,
            "label": "${v}",
            "description": null,
            "drillDownUrl": null,
            "useMetricBrowserAsDrillDown": true,
            "backgroundColor": 16777215,
            "backgroundColors": null,
            "backgroundColorsStr": null,
            "color": 14540253,
            "fontSize": 14,
            "useAutomaticFontSize": false,
            "borderEnabled": false,
            "borderThickness": 0,
            "borderColor": 14408667,
            "backgroundAlpha": 0,
            "showValues": false,
            "compactMode": null,
            "showTimeRange": true,
            "renderIn3D": null,
            "showLegend": null,
            "legendPosition": null,
            "legendColumnCount": null,
            "startTime": 0,
            "endTime": 0,
            "minutesBeforeAnchorTime": 60,
            "isGlobal": true,
            "propertiesMap": null,
            "dataSeriesTemplates": [
                {
                    "seriesType": null,
                    "metricType": null,
                    "showRawMetricName": null,
                    "colorPalette": null,
                    "name": "3668f4ec-2b9f-4f86-bedb-9049ec693148",
                    "metricMatchCriteriaTemplate": {
                        "entityMatchCriteria": null,
                        "metricExpressionTemplate": {
                            "metricExpressionType": "Absolute",
                            "functionType": "VALUE",
                            "metricPath": "Overall Application Performance|Errors per Minute",
                            "scopeEntity": {
                                "applicationName": "ECommerce",
                                "entityType": "APPLICATION",
                                "entityName": "{app_name}",
                                "scopingEntityType": null,
                                "scopingEntityName": null,
                                "subtype": null
                            }
                        },
                        "rollupMetricData": true,
                        "useActiveBaseline": false,
                        "sortResultsAscending": null,
                        "maxResults": null,
                        "evaluationScopeType": null,
                        "baselineName": null,
                        "applicationName": "ECommerce"
                    }
                }
            ],
            "text": null
        },
        {
            "widgetType": "GraphWidget",
            "title": "Calls per Minute",
            "height": 250,
            "width": 800,
            "x": 85,
            "y": 615,
            "label": null,
            "description": null,
            "drillDownUrl": null,
            "useMetricBrowserAsDrillDown": true,
            "backgroundColor": 1118481,
            "backgroundColors": null,
            "backgroundColorsStr": "1118481,1118481",
            "color": 14540253,
            "fontSize": 12,
            "useAutomaticFontSize": null,
            "borderEnabled": true,
            "borderThickness": 1,
            "borderColor": 4934475,
            "backgroundAlpha": 1,
            "showValues": false,
            "compactMode": false,
            "showTimeRange": false,
            "renderIn3D": false,
            "showLegend": false,
            "legendPosition": "POSITION_BOTTOM",
            "legendColumnCount": 1,
            "startTime": 0,
            "endTime": 0,
            "minutesBeforeAnchorTime": 60,
            "isGlobal": true,
            "propertiesMap": null,
            "dataSeriesTemplates": [
                {
                    "seriesType": "LINE",
                    "metricType": "OVERALL_APPLICATION",
                    "showRawMetricName": false,
                    "colorPalette": {
                        "colors": [
                            1215669,
                            3778172
                        ]
                    },
                    "name": "Calls",
                    "metricMatchCriteriaTemplate": {
                        "entityMatchCriteria": {
                            "matchCriteriaType": "SpecificEntities",
                            "entityType": "APPLICATION",
                            "agentTypes": null,
                            "entityNames": [
                                {
                                    "applicationName": "ECommerce",
                                    "entityType": "APPLICATION",
                                    "entityName": "{app_name}",
                                    "scopingEntityType": null,
                                    "scopingEntityName": null,
                                    "subtype": null
                                }
                            ],
                            "summary": true
                        },
                        "metricExpressionTemplate": {
                            "metricExpressionType": "Logical",
                            "functionType": "VALUE",
                            "relativeMetricPath": "Calls per Minute"
                        },
                        "rollupMetricData": false,
                        "useActiveBaseline": false,
                        "sortResultsAscending": false,
                        "maxResults": 20,
                        "evaluationScopeType": null,
                        "baselineName": "Weekly Trend - Last 3 months",
                        "applicationName": "ECommerce"
                    }
                }
            ],
            "verticalAxisLabel": null,
            "hideHorizontalAxis": true,
            "horizontalAxisLabel": null,
            "axisType": "LINEAR",
            "stackMode": null,
            "showEvents": true,
            "eventFilterTemplate": null
        },
        {
            "widgetType": "MetricLabelWidget",
            "title": "Calls per Minute",
            "height": 50,
            "width": 79,
            "x": 552,
            "y": 605,
            "label": "${v}",
            "description": null,
            "drillDownUrl": null,
            "useMetricBrowserAsDrillDown": true,
            "backgroundColor": 16777215,
            "backgroundColors": null,
            "backgroundColorsStr": null,
            "color": 14540253,
            "fontSize": 14,
            "useAutomaticFontSize": false,
            "borderEnabled": false,
            "borderThickness": 0,
            "borderColor": 14408667,
            "backgroundAlpha": 0,
            "showValues": false,
            "compactMode": null,
            "showTimeRange": true,
            "renderIn3D": null,
            "showLegend": null,
            "legendPosition": null,
            "legendColumnCount": null,
            "startTime": 0,
            "endTime": 0,
            "minutesBeforeAnchorTime": 60,
            "isGlobal": true,
            "propertiesMap": null,
            "dataSeriesTemplates": [
                {
                    "seriesType": null,
                    "metricType": null,
                    "showRawMetricName": null,
                    "colorPalette": null,
                    "name": "3c57dba5-23b3-4bf0-8110-1bb80beaaf18",
                    "metricMatchCriteriaTemplate": {
                        "entityMatchCriteria": null,
                        "metricExpressionTemplate": {
                            "metricExpressionType": "Absolute",
                            "functionType": "VALUE",
                            "metricPath": "Overall Application Performance|Calls per Minute",
                            "scopeEntity": {
                                "applicationName": "ECommerce",
                                "entityType": "APPLICATION",
                                "entityName": "{app_name}",
                                "scopingEntityType": null,
                                "scopingEntityName": null,
                                "subtype": null
                            }
                        },
                        "rollupMetricData": true,
                        "useActiveBaseline": false,
                        "sortResultsAscending": null,
                        "maxResults": null,
                        "evaluationScopeType": null,
                        "baselineName": null,
                        "applicationName": "ECommerce"
                    }
                }
            ],
            "text": null
        },
        {
            "widgetType": "ImageWidget",
            "title": null,
            "height": 23,
            "width": 170,
            "x": 26,
            "y": 32,
            "label": null,
            "description": null,
            "drillDownUrl": null,
            "useMetricBrowserAsDrillDown": true,
            "backgroundColor": 16777215,
            "backgroundColors": null,
            "backgroundColorsStr": null,
            "color": 4210752,
            "fontSize": 12,
            "useAutomaticFontSize": null,
            "borderEnabled": false,
            "borderThickness": 0,
            "borderColor": 14408667,
            "backgroundAlpha": 1,
            "showValues": false,
            "compactMode": null,
            "showTimeRange": true,
            "renderIn3D": null,
            "showLegend": null,
            "legendPosition": null,
            "legendColumnCount": null,
            "startTime": null,
            "endTime": null,
            "minutesBeforeAnchorTime": null,
            "isGlobal": null,
            "propertiesMap": null,
            "dataSeriesTemplates": null,
            "imageURL": "{server}/controller/images/logo.png"
        }
    ],
    "template": false,
    "warRoom": false
}