{
    "schemaVersion": null,
    "dashboardFormatVersion": "2.0",
    "name": "OPs - Sample 3",
    "description": "",
    "properties": null,
    "templateEntityType": null,
    "associatedEntityTemplates": null,
    "minutesBeforeAnchorTime": 15,
    "startDate": "12/31/1969 19:00:00",
    "endDate": "12/31/1969 19:00:00",
    "refreshInterval": 120000,
    "backgroundColor": 13685977,
    "color": 13685977,
    "height": 768,
    "width": 1024,
    "canvasType": "CANVAS_TYPE_GRID",
    "layoutType": "",
    "widgetTemplates": [
        {
            "widgetType": "GraphWidget",
            "title": "Slow Calls per Node",
            "height": 3,
            "width": 3,
            "x": 3,
            "y": 9,
            "label": null,
            "description": "",
            "drillDownUrl": "",
            "useMetricBrowserAsDrillDown": true,
            "backgroundColor": 16777215,
            "backgroundColors": null,
            "backgroundColorsStr": "16777215,16777215",
            "color": 4210752,
            "fontSize": 12,
            "useAutomaticFontSize": null,
            "borderEnabled": false,
            "borderThickness": 0,
            "borderColor": 14408667,
            "backgroundAlpha": 1,
            "showValues": false,
            "compactMode": false,
            "showTimeRange": false,
            "renderIn3D": false,
            "showLegend": true,
            "legendPosition": "POSITION_BOTTOM",
            "legendColumnCount": 1,
            "startTime": 10800000,
            "endTime": 10800000,
            "minutesBeforeAnchorTime": 15,
            "isGlobal": true,
            "propertiesMap": null,
            "dataSeriesTemplates": null,
            "verticalAxisLabel": "",
            "hideHorizontalAxis": true,
            "horizontalAxisLabel": "",
            "axisType": "LINEAR",
            "stackMode": null,
            "showEvents": true,
            "eventFilterTemplate": null
        },
        {
            "widgetType": "GraphWidget",
            "title": "Call Load per Node",
            "height": 3,
            "width": 3,
            "x": 3,
            "y": 6,
            "label": null,
            "description": "",
            "drillDownUrl": "",
            "useMetricBrowserAsDrillDown": true,
            "backgroundColor": 16777215,
            "backgroundColors": null,
            "backgroundColorsStr": "16777215,16777215",
            "color": 4210752,
            "fontSize": 12,
            "useAutomaticFontSize": null,
            "borderEnabled": false,
            "borderThickness": 0,
            "borderColor": 14408667,
            "backgroundAlpha": 1,
            "showValues": false,
            "compactMode": false,
            "showTimeRange": false,
            "renderIn3D": false,
            "showLegend": true,
            "legendPosition": "POSITION_BOTTOM",
            "legendColumnCount": 1,
            "startTime": 10800000,
            "endTime": 10800000,
            "minutesBeforeAnchorTime": 15,
            "isGlobal": true,
            "propertiesMap": null,
            "dataSeriesTemplates": [
                {
                    "seriesType": "LINE",
                    "metricType": "NODE_HEALTH_TRANSACTION_PERFORMANCE",
                    "showRawMetricName": false,
                    "colorPalette": null,
                    "name": "Series 6",
                    "metricMatchCriteriaTemplate": {
                        "entityMatchCriteria": {
                            "matchCriteriaType": "AllEntities",
                            "entityType": "APPLICATION_COMPONENT_NODE",
                            "agentTypes": null,
                            "summary": true
                        },
                        "metricExpressionTemplate": {
                            "metricExpressionType": "Logical",
                            "functionType": "VALUE",
                            "relativeMetricPath": "Calls per Minute"
                        },
                        "rollupMetricData": false,
                        "useActiveBaseline": false,
                        "sortResultsAscending": false,
                        "maxResults": 20,
                        "evaluationScopeType": null,
                        "baselineName": null,
                        "applicationName": "EmployeeRes",
                        "customLegendFormat": ""
                    }
                }
            ],
            "verticalAxisLabel": "",
            "hideHorizontalAxis": true,
            "horizontalAxisLabel": "",
            "axisType": "LINEAR",
            "stackMode": null,
            "showEvents": true,
            "eventFilterTemplate": null
        },
        {
            "widgetType": "GraphWidget",
            "title": "Node CPU % Usage",
            "height": 3,
            "width": 6,
            "x": 0,
            "y": 0,
            "label": null,
            "description": "",
            "drillDownUrl": "",
            "useMetricBrowserAsDrillDown": true,
            "backgroundColor": 16777215,
            "backgroundColors": null,
            "backgroundColorsStr": "16777215,16777215",
            "color": 4210752,
            "fontSize": 12,
            "useAutomaticFontSize": null,
            "borderEnabled": false,
            "borderThickness": 0,
            "borderColor": 14408667,
            "backgroundAlpha": 1,
            "showValues": false,
            "compactMode": false,
            "showTimeRange": false,
            "renderIn3D": false,
            "showLegend": true,
            "legendPosition": "POSITION_BOTTOM",
            "legendColumnCount": 1,
            "startTime": 10800000,
            "endTime": 10800000,
            "minutesBeforeAnchorTime": 15,
            "isGlobal": true,
            "propertiesMap": null,
            "dataSeriesTemplates": [
                {
                    "seriesType": "LINE",
                    "metricType": "INFRASTRUCTURE",
                    "showRawMetricName": false,
                    "colorPalette": null,
                    "name": "Series 1",
                    "metricMatchCriteriaTemplate": {
                        "entityMatchCriteria": {
                            "matchCriteriaType": "AllEntities",
                            "entityType": "APPLICATION_COMPONENT_NODE",
                            "agentTypes": null,
                            "summary": false
                        },
                        "metricExpressionTemplate": {
                            "metricExpressionType": "Logical",
                            "functionType": "VALUE",
                            "relativeMetricPath": "Hardware Resources|CPU|%Busy"
                        },
                        "rollupMetricData": false,
                        "useActiveBaseline": false,
                        "sortResultsAscending": false,
                        "maxResults": 20,
                        "evaluationScopeType": null,
                        "baselineName": null,
                        "applicationName": "EmployeeRes",
                        "customLegendFormat": ""
                    }
                }
            ],
            "verticalAxisLabel": "",
            "hideHorizontalAxis": true,
            "horizontalAxisLabel": "",
            "axisType": "LINEAR",
            "stackMode": null,
            "showEvents": true,
            "eventFilterTemplate": null
        },
        {
            "widgetType": "GraphWidget",
            "title": "Node Response Time",
            "height": 3,
            "width": 6,
            "x": 0,
            "y": 6,
            "label": null,
            "description": "",
            "drillDownUrl": "",
            "useMetricBrowserAsDrillDown": true,
            "backgroundColor": 16777215,
            "backgroundColors": null,
            "backgroundColorsStr": "16777215,16777215",
            "color": 4210752,
            "fontSize": 12,
            "useAutomaticFontSize": null,
            "borderEnabled": false,
            "borderThickness": 0,
            "borderColor": 14408667,
            "backgroundAlpha": 1,
            "showValues": false,
            "compactMode": false,
            "showTimeRange": false,
            "renderIn3D": false,
            "showLegend": true,
            "legendPosition": "POSITION_BOTTOM",
            "legendColumnCount": 1,
            "startTime": 10800000,
            "endTime": 10800000,
            "minutesBeforeAnchorTime": 15,
            "isGlobal": true,
            "propertiesMap": null,
            "dataSeriesTemplates": [
                {
                    "seriesType": "AREA",
                    "metricType": "NODE_HEALTH_TRANSACTION_PERFORMANCE",
                    "showRawMetricName": false,
                    "colorPalette": null,
                    "name": "Series 2",
                    "metricMatchCriteriaTemplate": {
                        "entityMatchCriteria": {
                            "matchCriteriaType": "AllEntities",
                            "entityType": "APPLICATION_COMPONENT_NODE",
                            "agentTypes": null,
                            "summary": true
                        },
                        "metricExpressionTemplate": {
                            "metricExpressionType": "Logical",
                            "functionType": "VALUE",
                            "relativeMetricPath": "Average Response Time (ms)"
                        },
                        "rollupMetricData": false,
                        "useActiveBaseline": false,
                        "sortResultsAscending": false,
                        "maxResults": 20,
                        "evaluationScopeType": null,
                        "baselineName": null,
                        "applicationName": "EmployeeRes",
                        "customLegendFormat": ""
                    }
                }
            ],
            "verticalAxisLabel": "",
            "hideHorizontalAxis": true,
            "horizontalAxisLabel": "",
            "axisType": "LINEAR",
            "stackMode": null,
            "showEvents": true,
            "eventFilterTemplate": null
        },
        {
            "widgetType": "GraphWidget",
            "title": "Memory Usage per Node",
            "height": 3,
            "width": 3,
            "x": 3,
            "y": 0,
            "label": null,
            "description": "",
            "drillDownUrl": "",
            "useMetricBrowserAsDrillDown": true,
            "backgroundColor": 16777215,
            "backgroundColors": null,
            "backgroundColorsStr": "16777215,16777215",
            "color": 4210752,
            "fontSize": 12,
            "useAutomaticFontSize": null,
            "borderEnabled": false,
            "borderThickness": 0,
            "borderColor": 14408667,
            "backgroundAlpha": 1,
            "showValues": false,
            "compactMode": false,
            "showTimeRange": false,
            "renderIn3D": false,
            "showLegend": true,
            "legendPosition": "POSITION_BOTTOM",
            "legendColumnCount": 1,
            "startTime": 10800000,
            "endTime": 10800000,
            "minutesBeforeAnchorTime": 15,
            "isGlobal": true,
            "propertiesMap": null,
            "dataSeriesTemplates": [
                {
                    "seriesType": "LINE",
                    "metricType": "INFRASTRUCTURE",
                    "showRawMetricName": false,
                    "colorPalette": null,
                    "name": "Series 3",
                    "metricMatchCriteriaTemplate": {
                        "entityMatchCriteria": {
                            "matchCriteriaType": "AllEntities",
                            "entityType": "APPLICATION_COMPONENT_NODE",
                            "agentTypes": null,
                            "summary": false
                        },
                        "metricExpressionTemplate": {
                            "metricExpressionType": "Logical",
                            "functionType": "VALUE",
                            "relativeMetricPath": "Hardware Resources|Memory|Free %"
                        },
                        "rollupMetricData": false,
                        "useActiveBaseline": false,
                        "sortResultsAscending": false,
                        "maxResults": 20,
                        "evaluationScopeType": null,
                        "baselineName": null,
                        "applicationName": "EmployeeRes",
                        "customLegendFormat": ""
                    }
                }
            ],
            "verticalAxisLabel": "",
            "hideHorizontalAxis": true,
            "horizontalAxisLabel": "",
            "axisType": "LINEAR",
            "stackMode": null,
            "showEvents": true,
            "eventFilterTemplate": null
        },
        {
            "widgetType": "GraphWidget",
            "title": "Disk Activity per Node",
            "height": 3,
            "width": 3,
            "x": 3,
            "y": 3,
            "label": null,
            "description": "",
            "drillDownUrl": "",
            "useMetricBrowserAsDrillDown": true,
            "backgroundColor": 16777215,
            "backgroundColors": null,
            "backgroundColorsStr": "16777215,16777215",
            "color": 4210752,
            "fontSize": 12,
            "useAutomaticFontSize": null,
            "borderEnabled": false,
            "borderThickness": 0,
            "borderColor": 14408667,
            "backgroundAlpha": 1,
            "showValues": false,
            "compactMode": false,
            "showTimeRange": false,
            "renderIn3D": false,
            "showLegend": true,
            "legendPosition": "POSITION_BOTTOM",
            "legendColumnCount": 1,
            "startTime": 10800000,
            "endTime": 10800000,
            "minutesBeforeAnchorTime": 15,
            "isGlobal": true,
            "propertiesMap": null,
            "dataSeriesTemplates": [
                {
                    "seriesType": "LINE",
                    "metricType": "INFRASTRUCTURE",
                    "showRawMetricName": false,
                    "colorPalette": null,
                    "name": "Series 4",
                    "metricMatchCriteriaTemplate": {
                        "entityMatchCriteria": {
                            "matchCriteriaType": "AllEntities",
                            "entityType": "APPLICATION_COMPONENT_NODE",
                            "agentTypes": null,
                            "summary": false
                        },
                        "metricExpressionTemplate": {
                            "metricExpressionType": "Logical",
                            "functionType": "VALUE",
                            "relativeMetricPath": "Hardware Resources|Disks|KB read/sec"
                        },
                        "rollupMetricData": false,
                        "useActiveBaseline": false,
                        "sortResultsAscending": false,
                        "maxResults": 20,
                        "evaluationScopeType": null,
                        "baselineName": null,
                        "applicationName": "EmployeeRes",
                        "customLegendFormat": ""
                    }
                },
                {
                    "seriesType": "LINE",
                    "metricType": "INFRASTRUCTURE",
                    "showRawMetricName": false,
                    "colorPalette": null,
                    "name": "Series 5",
                    "metricMatchCriteriaTemplate": {
                        "entityMatchCriteria": {
                            "matchCriteriaType": "AllEntities",
                            "entityType": "APPLICATION_COMPONENT_NODE",
                            "agentTypes": null,
                            "summary": false
                        },
                        "metricExpressionTemplate": {
                            "metricExpressionType": "Logical",
                            "functionType": "VALUE",
                            "relativeMetricPath": "Hardware Resources|Disks|KB written/sec"
                        },
                        "rollupMetricData": false,
                        "useActiveBaseline": false,
                        "sortResultsAscending": false,
                        "maxResults": 20,
                        "evaluationScopeType": null,
                        "baselineName": null,
                        "applicationName": "EmployeeRes",
                        "customLegendFormat": ""
                    }
                }
            ],
            "verticalAxisLabel": "",
            "hideHorizontalAxis": true,
            "horizontalAxisLabel": "",
            "axisType": "LINEAR",
            "stackMode": null,
            "showEvents": true,
            "eventFilterTemplate": null
        }
    ],
    "template": false,
    "warRoom": false
}